2025-06-14 12:15:03.646 love[91806:10844474] +[IMKClient subclass]: chose IMKClient_Modern
2025-06-14 12:15:03.646 love[91806:10844474] +[IMKInputSession subclass]: chose IMKInputSession_Modern
[lurker] Initing lurker

[rendererPlus] 

Initializing rendererPlus system...
 
 * rendererPlus.debug_mode is enabled

[rendererPlus] Loaded texture: warrior_effect from gfx/WarriorSpriteSheet/Warrior_Sheet-Effect.png
[rendererPlus] Loaded texture: warrior_no_effect from gfx/WarriorSpriteSheet/Warrior_SheetnoEffect.png
[rendererPlus] Loaded texture: dance_balance from gfx/DancingGirlSheets/balancing.png
[rendererPlus] Loaded texture: dance_hips from gfx/DancingGirlSheets/hips.png
[rendererPlus] Loaded texture: dance_skip from gfx/DancingGirlSheets/skip.png
[rendererPlus] Loaded texture: dance_slide from gfx/DancingGirlSheets/slide.png
[rendererPlus] Loaded texture: dance_snap from gfx/DancingGirlSheets/snap.png
[rendererPlus] Loaded texture: coin from gfx/coin.png
[rendererPlus] Loaded texture: apple from gfx/apple.png
[rendererPlus] Loaded texture: doge from gfx/doge.png
[rendererPlus] Loaded texture: color_blocks from gfx/Color_Blocks.png
[rendererPlus] Loaded texture: npc from gfx/npc.png
[rendererPlus] Loaded texture: old_hero from gfx/oldHero.png
[rendererPlus] Loaded texture: tileset_grass from gfx/TileSet/TX Tileset Grass.png
[rendererPlus] Loaded texture: tileset_stone from gfx/TileSet/TX Tileset Stone Ground.png
[rendererPlus] Loaded texture: tileset_wall from gfx/TileSet/TX Tileset Wall.png
[rendererPlus] Loaded texture: tileset_plant from gfx/TileSet/TX Plant.png
[rendererPlus] Loaded texture: tileset_player from gfx/TileSet/TX Player.png
[rendererPlus] Loaded texture: tileset_props from gfx/TileSet/TX Props.png
[rendererPlus] Loaded texture: tileset_shadow from gfx/TileSet/TX Shadow.png
[rendererPlus] Loaded texture: tileset_shadow_plant from gfx/TileSet/TX Shadow Plant.png
[rendererPlus] Loaded texture: tileset_struct from gfx/TileSet/TX Struct.png
[rendererPlus] Loaded texture: fireball from gfx/fireball.png
[rendererPlus] Loaded texture: fire_low from gfx/firelowres.png
[rendererPlus] Loaded texture: burning_loop from gfx/burning_loop_1.png
[rendererPlus] Loaded texture: hitmarker from gfx/menu/hitmarker_1.png
[rendererPlus] Loaded texture: old_hand from gfx/menu/old_hand.png
[rendererPlus] Loaded texture: blood_splat from gfx/fx/Spritesheets/Blood Splat.png
[rendererPlus] Loaded texture: electric_sheet from gfx/fx/Spritesheets/Eletric A-Sheet.png
[rendererPlus] Loaded texture: electric_aura from gfx/fx/Spritesheets/Eletric Aura.png
[rendererPlus] Loaded texture: fire_sparks from gfx/fx/Spritesheets/Fire+Sparks-Sheet.png
[rendererPlus] Loaded texture: flamethrower from gfx/fx/Spritesheets/Flamethrower-Sheet.png
[rendererPlus] Loaded texture: gravity_sheet from gfx/fx/Spritesheets/Gravity-Sheet.png
[rendererPlus] Loaded texture: holy_light from gfx/fx/Spritesheets/Holy Light Aura.png
[rendererPlus] Loaded texture: player_idle from  new_game_assets/default_character_assets/standard/idle.png
[rendererPlus] Loaded texture: leaves_sheet from gfx/fx/Spritesheets/Leaves-Sheet.png
[rendererPlus] Loaded texture: player_walk from  new_game_assets/default_character_assets/standard/walk.png
[rendererPlus] Loaded texture: poison_cloud from gfx/fx/Spritesheets/Poison Cloud-Sheet.png
[rendererPlus] Loaded texture: player_run from  new_game_assets/default_character_assets/standard/run.png
[rendererPlus] Loaded texture: regen from gfx/fx/Spritesheets/Regen.png
[rendererPlus] Loaded texture: player_jump from  new_game_assets/default_character_assets/standard/jump.png
[rendererPlus] Loaded texture: rocket_fire from gfx/fx/Spritesheets/Rocket Fire 2-Sheet.png
[rendererPlus] Loaded texture: player_combat from  new_game_assets/default_character_assets/standard/combat_idle.png
[rendererPlus] Loaded texture: sakuras from gfx/fx/Spritesheets/Sakuras.png
[rendererPlus] Loaded texture: player_slash from  new_game_assets/default_character_assets/standard/slash.png
[rendererPlus] Loaded texture: smoke_sheet from gfx/fx/Spritesheets/Smoke-Sheet.png
[rendererPlus] Loaded texture: player_shoot from  new_game_assets/default_character_assets/standard/shoot.png
[rendererPlus] Loaded texture: smoke2_sheet from gfx/fx/Spritesheets/Smoke2-Sheet.png
[rendererPlus] Loaded texture: player_hurt from  new_game_assets/default_character_assets/standard/hurt.png
[rendererPlus] Loaded texture: spark1_sheet from gfx/fx/Spritesheets/Spark1-Sheet.png
[rendererPlus] Loaded texture: player_backslash from  new_game_assets/default_character_assets/standard/backslash.png
[rendererPlus] Loaded texture: sparks_sheet from gfx/fx/Spritesheets/Sparks-Sheet.png
[rendererPlus] Loaded texture: player_climb from  new_game_assets/default_character_assets/standard/climb.png
[rendererPlus] Loaded texture: splatter_sheet from gfx/fx/Spritesheets/Splatter-Sheet.png
[rendererPlus] Loaded texture: player_emote from  new_game_assets/default_character_assets/standard/emote.png
[rendererPlus] Loaded texture: water_vortex from gfx/fx/Spritesheets/Water Vortex Splash-Sheet.png
[rendererPlus] Loaded texture: player_halfslash from  new_game_assets/default_character_assets/standard/halfslash.png
[rendererPlus] Loaded texture: laser_particles from gfx/EnemiesSpriteSheets/BearBoss/laser_charging_particles.png
[rendererPlus] Loaded texture: player_sit from  new_game_assets/default_character_assets/standard/sit.png
[rendererPlus] Loaded texture: player_spellcast from  new_game_assets/default_character_assets/standard/spellcast.png
[rendererPlus] Loaded texture: player_thrust from  new_game_assets/default_character_assets/standard/thrust.png
[rendererPlus] Loaded texture: Jerome_Enemy from gfx/enemy.png
[rendererPlus] Loaded texture: bear_boss_default from gfx/EnemiesSpriteSheets/BearBoss/bear_enemy_default_state.png
[rendererPlus] Loaded texture: bear_boss_threatening from gfx/EnemiesSpriteSheets/BearBoss/bear_enemy_laser_threatening.png
[rendererPlus] Loaded texture: bear_boss_shooting from gfx/EnemiesSpriteSheets/BearBoss/bear_enemy_laser_shooting.png
[rendererPlus] Loaded texture: bear_boss_headless from gfx/EnemiesSpriteSheets/BearBoss/bear_boss_headless.png
[rendererPlus] Loaded texture: bear_boss_backside from gfx/EnemiesSpriteSheets/BearBoss/bear_boss_backside.pxo.png
[rendererPlus] Loaded texture: bear_dust from gfx/EnemiesSpriteSheets/BearBoss/bear_dust_landing.png
[rendererPlus] Loaded texture: soldier_base from gfx/SoldierSpriteSheets/Soldier.png
[rendererPlus] Loaded texture: soldier_idle from gfx/SoldierSpriteSheets/Soldier_Idle.png
[rendererPlus] Loaded texture: soldier_walk from gfx/SoldierSpriteSheets/Soldier_Walk.png
[rendererPlus] Loaded texture: soldier_attack1 from gfx/SoldierSpriteSheets/Soldier_Attack01.png
[rendererPlus] Loaded texture: soldier_attack2 from gfx/SoldierSpriteSheets/Soldier_Attack02.png
[rendererPlus] Loaded texture: soldier_attack3 from gfx/SoldierSpriteSheets/Soldier_Attack03.png
[rendererPlus] Loaded texture: soldier_death from gfx/SoldierSpriteSheets/Soldier_Death.png
[rendererPlus] Loaded texture: soldier_hit from gfx/SoldierSpriteSheets/Soldier_Hit.png
[rendererPlus] Loaded texture: noise from gfx/noise.png
[rendererPlus] Failed to load font: game_font
[rendererPlus] Failed to load font: pixel_font
[rendererPlus] Failed to load font: vga_font
[rendererPlus] Asset preloading complete!
[rendererPlus] Ready for advanced effects and high-performance rendering!
Attempting to connect to localhost:6750
Blood system loaded
[MOD_SYSTEM] Initializing mod system...
[MOD_SYSTEM] Discovered mod: ai_behaviors_mod v1.0.0
[MOD_SYSTEM] Discovered mod: basic_enemies_mod v1.0.0
[MOD_SYSTEM] Discovered mod: bear_boss_mod v1.0.0
[MOD_SYSTEM] Discovered mod: blood_effects_mod v1.0.0
[MOD_SYSTEM] Discovered mod: combat_effects_mod v1.0.0
[MOD_SYSTEM] Discovered mod: damage_indicators_mod v2.0.0
[MOD_SYSTEM] Discovered mod: explosion_effects_mod v1.0.0
[MOD_SYSTEM] Discovered mod: glowing_tree_mod v1.0.0
[MOD_SYSTEM] Discovered mod: health_damage_mod v1.0.0
[MOD_SYSTEM] Discovered mod: map_system v1.0.0
[MOD_SYSTEM] Discovered mod: player_core_mod v1.0.0
[MOD_SYSTEM] Discovered mod: projectiles_mod v2.0.0
[MOD_SYSTEM] Discovered mod: ui_notifications_mod v1.0.0
[MOD_SYSTEM] Discovered mod: weapons_core_mod v3.0.0
[MOD_SYSTEM] Found 14 mods
[MOD_SYSTEM] Mod system initialized!
[MOD_SYSTEM] Loading mod: ui_notifications_mod
[MOD_SYSTEM] Failed to initialize mod: [string "ui_notifications_mod"]:320: attempt to call field 'registerGlobalFunction' (a nil value)
[MOD_SYSTEM] Loading mod: player_core_mod
[MOD:player_core_mod]	 * [PLAYER_CORE_MOD] Initializing Player Core System
[MOD:player_core_mod]	[PLAYER_CORE_MOD DEBUG] API received
[MOD:player_core_mod]	[PLAYER_CORE_MOD DEBUG] About to create player...
[MOD:player_core_mod]	[PLAYER_CORE_MOD DEBUG] About to initialize assets...
[MOD:player_core_mod]	[PLAYER_CORE_MOD] Loading LPC sprite assets from engine...
[MOD:player_core_mod]	[PLAYER_CORE_MOD DEBUG] Starting animation loop with 10 configs
[MOD:player_core_mod]	[PLAYER_CORE_MOD DEBUG] Processing config 1
[MOD:player_core_mod]	[PLAYER_CORE_MOD DEBUG] Config 1: name=idle
[MOD:player_core_mod]	[PLAYER_CORE_MOD] idle animation configured
[MOD:player_core_mod]	[PLAYER_CORE_MOD DEBUG] Processing config 2
[MOD:player_core_mod]	[PLAYER_CORE_MOD DEBUG] Config 2: name=walk
[MOD:player_core_mod]	[PLAYER_CORE_MOD] walk animation configured
[MOD:player_core_mod]	[PLAYER_CORE_MOD DEBUG] Processing config 3
[MOD:player_core_mod]	[PLAYER_CORE_MOD DEBUG] Config 3: name=run
[MOD:player_core_mod]	[PLAYER_CORE_MOD] run animation configured
[MOD:player_core_mod]	[PLAYER_CORE_MOD DEBUG] Processing config 4
[MOD:player_core_mod]	[PLAYER_CORE_MOD DEBUG] Config 4: name=jump
[MOD:player_core_mod]	[PLAYER_CORE_MOD] jump animation configured
[MOD:player_core_mod]	[PLAYER_CORE_MOD DEBUG] Processing config 5
[MOD:player_core_mod]	[PLAYER_CORE_MOD DEBUG] Config 5: name=hurt
[MOD:player_core_mod]	[PLAYER_CORE_MOD] hurt animation configured
[MOD:player_core_mod]	[PLAYER_CORE_MOD DEBUG] Processing config 6
[MOD:player_core_mod]	[PLAYER_CORE_MOD DEBUG] Config 6: name=slash
[MOD:player_core_mod]	[PLAYER_CORE_MOD] slash animation configured
[MOD:player_core_mod]	[PLAYER_CORE_MOD DEBUG] Processing config 7
[MOD:player_core_mod]	[PLAYER_CORE_MOD DEBUG] Config 7: name=shoot
[MOD:player_core_mod]	[PLAYER_CORE_MOD] shoot animation configured
[MOD:player_core_mod]	[PLAYER_CORE_MOD DEBUG] Processing config 8
[MOD:player_core_mod]	[PLAYER_CORE_MOD DEBUG] Config 8: name=spellcast
[MOD:player_core_mod]	[PLAYER_CORE_MOD] spellcast animation configured
[MOD:player_core_mod]	[PLAYER_CORE_MOD DEBUG] Processing config 9
[MOD:player_core_mod]	[PLAYER_CORE_MOD DEBUG] Config 9: name=thrust
[MOD:player_core_mod]	[PLAYER_CORE_MOD] thrust animation configured
[MOD:player_core_mod]	[PLAYER_CORE_MOD DEBUG] Processing config 10
[MOD:player_core_mod]	[PLAYER_CORE_MOD DEBUG] Config 10: name=dodge
[MOD:player_core_mod]	[PLAYER_CORE_MOD] dodge animation configured
[MOD:player_core_mod]	[PLAYER_CORE_MOD DEBUG] Animation loop completed
[MOD:player_core_mod]	[PLAYER_CORE_MOD] Initial animation set to 'idle' with currentTime=0
[MOD:player_core_mod]	[PLAYER_CORE_MOD] LPC assets initialization complete
[MOD:player_core_mod]	[PLAYER_CORE_MOD] Player entity created successfully
[MOD:player_core_mod]	[PLAYER_CORE_MOD] Player system initialized!
[MOD_SYSTEM] Successfully loaded mod: player_core_mod
[MOD_SYSTEM] Loading mod: map_system
[MOD:map_system]	Initializing Map System Mod v1.0.0
[MOD:map_system]	[MAP_SYSTEM] Initialization complete! Press 'P' for arch, 'O' for tree
[MOD_SYSTEM] Successfully loaded mod: map_system
[MOD_SYSTEM] Loading mod: projectiles_mod
[MOD:projectiles_mod]	[PROJECTILES_MOD] Initializing Enhanced Projectiles System v2.0.0
[rendererPlus] Failed to load shader: shaders/bullet_tracer.frag
[rendererPlus] Failed to load shader: shaders/muzzle_flash.frag
[MOD:projectiles_mod] Registered projectile: bullet
[MOD:projectiles_mod] Registered projectile: tracer
[MOD:projectiles_mod] Registered projectile: rocket
[MOD:projectiles_mod] Registered projectile: plasma
[MOD:projectiles_mod]	[PROJECTILES_MOD] Initialization complete! Enhanced projectiles ready with object pooling and advanced effects
[MOD_SYSTEM] Successfully loaded mod: projectiles_mod
[MOD_SYSTEM] Loading mod: combat_effects_mod
[MOD:combat_effects_mod]	[COMBAT_EFFECTS_MOD] Initializing Combat Effects System v1.0.0
[MOD:combat_effects_mod] Loading muzzle flash shader
[MOD:combat_effects_mod] Loading explosion shader
[MOD:combat_effects_mod] Loading blood effect shader
[MOD:combat_effects_mod]	[COMBAT_EFFECTS_MOD] Initialization complete!
[MOD_SYSTEM] Successfully loaded mod: combat_effects_mod
[MOD_SYSTEM] Loading mod: explosion_effects_mod
[MOD_SYSTEM] Failed to initialize mod: [string "explosion_effects_mod"]:381: attempt to call field 'registerModAPI' (a nil value)
[MOD_SYSTEM] Loading mod: weapons_core_mod
[MOD:weapons_core_mod]	[WEAPONS_CORE_MOD] Initializing Weapons Core System v1.0.0
[MOD:weapons_core_mod] Loading hardcoded weapon templates
[MOD:weapons_core_mod] Registered weapon: pistol
[MOD:weapons_core_mod] Registered weapon: smg
[MOD:weapons_core_mod] Registered weapon: shotgun
[MOD:weapons_core_mod] Registered weapon: assault_rifle
[MOD:weapons_core_mod] Registered weapon: rocket_launcher
[MOD:weapons_core_mod] Equipped weapon: Pistol
[MOD:weapons_core_mod] [DEBUG] Checking loaded mods...
[MOD_SYSTEM] Failed to initialize mod: [string "weapons_core_mod"]:161: attempt to call field 'getLoadedMods' (a nil value)
[MOD_SYSTEM] Loading mod: health_damage_mod
[MOD:health_damage_mod]	[HEALTH_DAMAGE_MOD] Initializing Health & Damage Indicators v1.0.0
[MOD:health_damage_mod]	[HEALTH_DAMAGE_MOD] Initialization complete!
[MOD_SYSTEM] Successfully loaded mod: health_damage_mod
[MOD_SYSTEM] Loading mod: damage_indicators_mod
[MOD:damage_indicators_mod] Initializing Advanced Damage Indicators v2.0.0
[MOD:damage_indicators_mod] Advanced Damage Indicators initialized!
[MOD_SYSTEM] Successfully loaded mod: damage_indicators_mod
[MOD_SYSTEM] Loading mod: blood_effects_mod
[MOD:blood_effects_mod]	[BLOOD_EFFECTS_MOD] Initializing Blood Effects System v1.0.0
[rendererPlus] Failed to load shader: blood_splatter
[MOD:blood_effects_mod]	[BLOOD_EFFECTS_MOD] Warning: Could not load blood splatter shader
[rendererPlus] Failed to load shader: blood_pool
[MOD:blood_effects_mod]	[BLOOD_EFFECTS_MOD] Warning: Could not load blood pool shader
[MOD:blood_effects_mod]	[BLOOD_EFFECTS_MOD] Initialization complete!
[MOD_SYSTEM] Successfully loaded mod: blood_effects_mod
[MOD_SYSTEM] Loading mod: ai_behaviors_mod
[MOD:ai_behaviors_mod]	[AI_BEHAVIORS_MOD] Initializing AI Behaviors Mod v1.0.0
[MOD:ai_behaviors_mod]	[AI_BEHAVIORS_MOD] Loaded 0 behavior patterns
[MOD:ai_behaviors_mod]	[AI_BEHAVIORS_MOD] Initialization complete!
[MOD_SYSTEM] Successfully loaded mod: ai_behaviors_mod
[MOD_SYSTEM] Loading mod: basic_enemies_mod
[MOD:basic_enemies_mod]	[BASIC_ENEMIES_MOD] Initializing Basic Enemies Mod v1.0.0
[MOD:basic_enemies_mod]	[BASIC_ENEMIES_MOD] Spawned 1 initial enemies
[MOD:basic_enemies_mod]	[BASIC_ENEMIES_MOD] Initialization complete!
[MOD_SYSTEM] Successfully loaded mod: basic_enemies_mod
[MOD_SYSTEM] Loading mod: bear_boss_mod
[MOD:bear_boss_mod]	[BEAR_BOSS_MOD] Initializing Bear Boss Mod v1.0.0
[rendererPlus] Warning: Texture not found for particle system: landing_dust
[rendererPlus] Warning: Texture not found for particle system: laser_charge
[rendererPlus] Warning: Texture not found for particle system: laser_beam
[rendererPlus] Warning: Texture not found for particle system: shockwave
[MOD:bear_boss_mod]	[BEAR_BOSS_MOD] Initialization complete!
[MOD_SYSTEM] Successfully loaded mod: bear_boss_mod
[MOD:player_core_mod]	[PLAYER_CORE_MOD] Player collision detected
[MOD:player_core_mod]	[PLAYER_CORE_MOD] Player collision detected
[rendererPlus] GC collected: 794.67 KB
[MOD:player_core_mod]	[PLAYER_CORE_MOD DEBUG] Update call #60
[MOD:player_core_mod]	[PLAYER_CORE_MOD] Player collision detected
[MOD:player_core_mod]	[PLAYER_CORE_MOD] Player collision detected
[MOD:player_core_mod]	[PLAYER_CORE_MOD DEBUG] Update call #120
[rendererPlus] GC collected: 2391.72 KB
[rendererPlus] World queue size: 3
[MOD:player_core_mod]	[PLAYER_CORE_MOD] State: WALKING, Direction: down
[MOD:player_core_mod]	[PLAYER_CORE_MOD] Direction calc: vx=1.00, vy=0.00, angle=0.0°, dir=right
[MOD:player_core_mod]	[PLAYER_CORE_MOD] Direction calc: vx=1.00, vy=0.00, angle=0.0°, dir=right
[MOD:player_core_mod]	[PLAYER_CORE_MOD] Direction calc: vx=1.00, vy=0.00, angle=0.0°, dir=right
[MOD:player_core_mod]	[PLAYER_CORE_MOD] Direction calc: vx=1.00, vy=0.00, angle=0.0°, dir=right
[MOD:player_core_mod]	[PLAYER_CORE_MOD] Direction calc: vx=1.00, vy=0.00, angle=0.0°, dir=right
[MOD:player_core_mod]	[PLAYER_CORE_MOD] Direction calc: vx=1.00, vy=0.00, angle=0.0°, dir=right
[MOD:player_core_mod]	[PLAYER_CORE_MOD] Direction calc: vx=1.00, vy=0.00, angle=0.0°, dir=right
[MOD:player_core_mod]	[PLAYER_CORE_MOD] Direction calc: vx=1.00, vy=0.00, angle=0.0°, dir=right
[MOD:player_core_mod]	[PLAYER_CORE_MOD] Direction calc: vx=1.00, vy=0.00, angle=0.0°, dir=right
[MOD:player_core_mod]	[PLAYER_CORE_MOD] Direction calc: vx=1.00, vy=0.00, angle=0.0°, dir=right
[MOD:player_core_mod]	[PLAYER_CORE_MOD] Direction calc: vx=1.00, vy=0.00, angle=0.0°, dir=right
[MOD:player_core_mod]	[PLAYER_CORE_MOD] Direction calc: vx=1.00, vy=0.00, angle=0.0°, dir=right
[MOD:player_core_mod]	[PLAYER_CORE_MOD] Direction calc: vx=1.00, vy=0.00, angle=0.0°, dir=right
[MOD:player_core_mod]	[PLAYER_CORE_MOD] Direction calc: vx=1.00, vy=0.00, angle=0.0°, dir=right
[MOD:player_core_mod]	[PLAYER_CORE_MOD] Direction calc: vx=1.00, vy=0.00, angle=0.0°, dir=right
[MOD:player_core_mod]	[PLAYER_CORE_MOD] Direction calc: vx=1.00, vy=0.00, angle=0.0°, dir=right
[MOD:player_core_mod]	[PLAYER_CORE_MOD] Direction calc: vx=1.00, vy=0.00, angle=0.0°, dir=right
[MOD:player_core_mod]	[PLAYER_CORE_MOD] Direction calc: vx=1.00, vy=0.00, angle=0.0°, dir=right
[MOD:player_core_mod]	[PLAYER_CORE_MOD] Direction calc: vx=1.00, vy=0.00, angle=0.0°, dir=right
[MOD:player_core_mod]	[PLAYER_CORE_MOD] Direction calc: vx=1.00, vy=0.00, angle=0.0°, dir=right
[MOD:player_core_mod]	[PLAYER_CORE_MOD] State: IDLE, Direction: right
[MOD:player_core_mod]	[PLAYER_CORE_MOD] State: WALKING, Direction: right
[MOD:player_core_mod]	[PLAYER_CORE_MOD] Direction calc: vx=0.00, vy=-1.00, angle=-90.0°, dir=up
[MOD:player_core_mod]	[PLAYER_CORE_MOD] Direction calc: vx=0.00, vy=-1.00, angle=-90.0°, dir=up
[MOD:player_core_mod]	[PLAYER_CORE_MOD] Direction calc: vx=0.00, vy=-1.00, angle=-90.0°, dir=up
[MOD:player_core_mod]	[PLAYER_CORE_MOD] Direction calc: vx=0.71, vy=-0.71, angle=-45.0°, dir=up_right
[MOD:player_core_mod]	[PLAYER_CORE_MOD] Direction calc: vx=0.71, vy=-0.71, angle=-45.0°, dir=up_right
[MOD:player_core_mod]	[PLAYER_CORE_MOD] Direction calc: vx=0.71, vy=-0.71, angle=-45.0°, dir=up_right
[MOD:player_core_mod]	[PLAYER_CORE_MOD] Direction calc: vx=0.00, vy=-1.00, angle=-90.0°, dir=up
[MOD:player_core_mod]	[PLAYER_CORE_MOD] Direction calc: vx=0.00, vy=-1.00, angle=-90.0°, dir=up
[MOD:player_core_mod]	[PLAYER_CORE_MOD DEBUG] Update call #180
[MOD:player_core_mod]	[PLAYER_CORE_MOD] Direction calc: vx=0.00, vy=-1.00, angle=-90.0°, dir=up
[MOD:player_core_mod]	[PLAYER_CORE_MOD] Direction calc: vx=0.00, vy=-1.00, angle=-90.0°, dir=up
[MOD:player_core_mod]	[PLAYER_CORE_MOD] Direction calc: vx=0.00, vy=-1.00, angle=-90.0°, dir=up
[MOD:player_core_mod]	[PLAYER_CORE_MOD] Direction calc: vx=0.00, vy=-1.00, angle=-90.0°, dir=up
[MOD:player_core_mod]	[PLAYER_CORE_MOD] Direction calc: vx=0.00, vy=-1.00, angle=-90.0°, dir=up
[MOD:player_core_mod]	[PLAYER_CORE_MOD] Direction calc: vx=0.00, vy=-1.00, angle=-90.0°, dir=up
[MOD:player_core_mod]	[PLAYER_CORE_MOD] Direction calc: vx=0.00, vy=-1.00, angle=-90.0°, dir=up
[MOD:player_core_mod]	[PLAYER_CORE_MOD] Direction calc: vx=0.00, vy=-1.00, angle=-90.0°, dir=up
[MOD:player_core_mod]	[PLAYER_CORE_MOD] Direction calc: vx=0.00, vy=-1.00, angle=-90.0°, dir=up
[MOD:player_core_mod]	[PLAYER_CORE_MOD] Direction calc: vx=0.00, vy=-1.00, angle=-90.0°, dir=up
[MOD:player_core_mod]	[PLAYER_CORE_MOD] Direction calc: vx=0.00, vy=-1.00, angle=-90.0°, dir=up
[MOD:player_core_mod]	[PLAYER_CORE_MOD] Direction calc: vx=0.00, vy=-1.00, angle=-90.0°, dir=up
[MOD:player_core_mod]	[PLAYER_CORE_MOD] Direction calc: vx=0.71, vy=-0.71, angle=-45.0°, dir=up_right
[MOD:player_core_mod]	[PLAYER_CORE_MOD] Direction calc: vx=0.71, vy=-0.71, angle=-45.0°, dir=up_right
[MOD:player_core_mod]	[PLAYER_CORE_MOD] Direction calc: vx=0.71, vy=-0.71, angle=-45.0°, dir=up_right
[MOD:player_core_mod]	[PLAYER_CORE_MOD] Direction calc: vx=0.71, vy=-0.71, angle=-45.0°, dir=up_right
[MOD:player_core_mod]	[PLAYER_CORE_MOD] Direction calc: vx=0.71, vy=-0.71, angle=-45.0°, dir=up_right
[MOD:player_core_mod]	[PLAYER_CORE_MOD] Direction calc: vx=0.71, vy=-0.71, angle=-45.0°, dir=up_right
[MOD:player_core_mod]	[PLAYER_CORE_MOD] Direction calc: vx=0.71, vy=-0.71, angle=-45.0°, dir=up_right
[MOD:player_core_mod]	[PLAYER_CORE_MOD] Direction calc: vx=0.71, vy=-0.71, angle=-45.0°, dir=up_right
[MOD:player_core_mod]	[PLAYER_CORE_MOD] Direction calc: vx=1.00, vy=0.00, angle=0.0°, dir=right
[MOD:player_core_mod]	[PLAYER_CORE_MOD] Direction calc: vx=1.00, vy=0.00, angle=0.0°, dir=right
[MOD:player_core_mod]	[PLAYER_CORE_MOD] Direction calc: vx=1.00, vy=0.00, angle=0.0°, dir=right
[MOD:player_core_mod]	[PLAYER_CORE_MOD] Direction calc: vx=1.00, vy=0.00, angle=0.0°, dir=right
[MOD:player_core_mod]	[PLAYER_CORE_MOD] Direction calc: vx=1.00, vy=0.00, angle=0.0°, dir=right
[MOD:player_core_mod]	[PLAYER_CORE_MOD] Direction calc: vx=1.00, vy=0.00, angle=0.0°, dir=right
[rendererPlus] Debug placeholder: Missing texture 'nil'
[rendererPlus] Debug placeholder: Missing texture 'nil'
[rendererPlus] Debug placeholder: Missing texture 'nil'
[rendererPlus] Debug placeholder: Missing texture 'nil'
[rendererPlus] Debug placeholder: Missing texture 'nil'
[rendererPlus] Debug placeholder: Missing texture 'nil'
[rendererPlus] Debug placeholder: Missing texture 'nil'
[rendererPlus] Debug placeholder: Missing texture 'nil'
[rendererPlus] Debug placeholder: Missing texture 'nil'
[rendererPlus] Debug placeholder: Missing texture 'nil'
[rendererPlus] Debug placeholder: Missing texture 'nil'
[rendererPlus] Debug placeholder: Missing texture 'nil'
[rendererPlus] Debug placeholder: Missing texture 'nil'
[rendererPlus] Debug placeholder: Missing texture 'nil'
[rendererPlus] Debug placeholder: Missing texture 'nil'
[rendererPlus] Debug placeholder: Missing texture 'nil'
[rendererPlus] Debug placeholder: Missing texture 'nil'
[rendererPlus] Debug placeholder: Missing texture 'nil'
[rendererPlus] Debug placeholder: Missing texture 'nil'
[rendererPlus] Debug placeholder: Missing texture 'nil'
[rendererPlus] Debug placeholder: Missing texture 'nil'
[rendererPlus] Debug placeholder: Missing texture 'nil'
[rendererPlus] Debug placeholder: Missing texture 'nil'
[rendererPlus] Debug placeholder: Missing texture 'nil'
[rendererPlus] Debug placeholder: Missing texture 'nil'
[rendererPlus] Debug placeholder: Missing texture 'nil'
[rendererPlus] Debug placeholder: Missing texture 'nil'
[rendererPlus] Debug placeholder: Missing texture 'nil'
[rendererPlus] Debug placeholder: Missing texture 'nil'
[rendererPlus] Debug placeholder: Missing texture 'nil'
[rendererPlus] Debug placeholder: Missing texture 'nil'
[rendererPlus] Debug placeholder: Missing texture 'nil'
[rendererPlus] Debug placeholder: Missing texture 'nil'
[rendererPlus] Debug placeholder: Missing texture 'nil'
[MOD:player_core_mod]	[PLAYER_CORE_MOD DEBUG] Update call #240
[rendererPlus] Debug placeholder: Missing texture 'nil'
[rendererPlus] Debug placeholder: Missing texture 'nil'
[rendererPlus] Debug placeholder: Missing texture 'nil'
[MOD:player_core_mod]	[PLAYER_CORE_MOD] State: WALKING, Direction: right
[MOD:player_core_mod]	[PLAYER_CORE_MOD] Direction calc: vx=-0.71, vy=0.71, angle=135.0°, dir=down_left
[MOD:player_core_mod]	[PLAYER_CORE_MOD] Direction calc: vx=-0.71, vy=0.71, angle=135.0°, dir=down_left
[rendererPlus] GC collected: 1596.02 KB
[MOD:player_core_mod]	[PLAYER_CORE_MOD] Direction calc: vx=-0.71, vy=0.71, angle=135.0°, dir=down_left
[MOD:player_core_mod]	[PLAYER_CORE_MOD] Direction calc: vx=-0.71, vy=0.71, angle=135.0°, dir=down_left
[MOD:player_core_mod]	[PLAYER_CORE_MOD] Direction calc: vx=-0.71, vy=0.71, angle=135.0°, dir=down_left
[MOD:player_core_mod]	[PLAYER_CORE_MOD] Direction calc: vx=-0.71, vy=0.71, angle=135.0°, dir=down_left
[MOD:player_core_mod]	[PLAYER_CORE_MOD] Direction calc: vx=-0.71, vy=0.71, angle=135.0°, dir=down_left
[MOD:player_core_mod]	[PLAYER_CORE_MOD] Direction calc: vx=-0.71, vy=0.71, angle=135.0°, dir=down_left
[MOD:player_core_mod]	[PLAYER_CORE_MOD] Direction calc: vx=-1.00, vy=0.00, angle=180.0°, dir=left
[MOD:player_core_mod]	[PLAYER_CORE_MOD] Direction calc: vx=-1.00, vy=0.00, angle=180.0°, dir=left
[MOD:player_core_mod]	[PLAYER_CORE_MOD] Direction calc: vx=-1.00, vy=0.00, angle=180.0°, dir=left
[MOD:player_core_mod]	[PLAYER_CORE_MOD] Direction calc: vx=-1.00, vy=0.00, angle=180.0°, dir=left
[MOD:player_core_mod]	[PLAYER_CORE_MOD] Direction calc: vx=-1.00, vy=0.00, angle=180.0°, dir=left
[MOD:player_core_mod]	[PLAYER_CORE_MOD] Direction calc: vx=-1.00, vy=0.00, angle=180.0°, dir=left
[MOD:player_core_mod]	[PLAYER_CORE_MOD] Direction calc: vx=-1.00, vy=0.00, angle=180.0°, dir=left
[MOD:player_core_mod]	[PLAYER_CORE_MOD] Direction calc: vx=-1.00, vy=0.00, angle=180.0°, dir=left
[MOD:player_core_mod]	[PLAYER_CORE_MOD] Direction calc: vx=-1.00, vy=0.00, angle=180.0°, dir=left
[MOD:player_core_mod]	[PLAYER_CORE_MOD] Direction calc: vx=-1.00, vy=0.00, angle=180.0°, dir=left
[MOD:player_core_mod]	[PLAYER_CORE_MOD] Direction calc: vx=-1.00, vy=0.00, angle=180.0°, dir=left
[MOD:player_core_mod]	[PLAYER_CORE_MOD] Direction calc: vx=-1.00, vy=0.00, angle=180.0°, dir=left
[MOD:player_core_mod]	[PLAYER_CORE_MOD] Direction calc: vx=-1.00, vy=0.00, angle=180.0°, dir=left
[MOD:player_core_mod]	[PLAYER_CORE_MOD] Direction calc: vx=-1.00, vy=0.00, angle=180.0°, dir=left
[MOD:player_core_mod]	[PLAYER_CORE_MOD] Direction calc: vx=-1.00, vy=0.00, angle=180.0°, dir=left
[MOD:player_core_mod]	[PLAYER_CORE_MOD] Direction calc: vx=-1.00, vy=0.00, angle=180.0°, dir=left
[MOD:player_core_mod]	[PLAYER_CORE_MOD] Direction calc: vx=-0.71, vy=-0.71, angle=-135.0°, dir=up_left
[MOD:player_core_mod]	[PLAYER_CORE_MOD] Direction calc: vx=-0.71, vy=-0.71, angle=-135.0°, dir=up_left
[MOD:player_core_mod]	[PLAYER_CORE_MOD] Direction calc: vx=-0.71, vy=-0.71, angle=-135.0°, dir=up_left
[MOD:player_core_mod]	[PLAYER_CORE_MOD] Direction calc: vx=-0.71, vy=-0.71, angle=-135.0°, dir=up_left
[MOD:player_core_mod]	[PLAYER_CORE_MOD] Direction calc: vx=-0.71, vy=-0.71, angle=-135.0°, dir=up_left
[MOD:player_core_mod]	[PLAYER_CORE_MOD] Direction calc: vx=-0.71, vy=-0.71, angle=-135.0°, dir=up_left
[MOD:player_core_mod]	[PLAYER_CORE_MOD] Direction calc: vx=-0.71, vy=-0.71, angle=-135.0°, dir=up_left
[MOD:player_core_mod]	[PLAYER_CORE_MOD] Direction calc: vx=-0.71, vy=-0.71, angle=-135.0°, dir=up_left
[MOD:player_core_mod]	[PLAYER_CORE_MOD] Direction calc: vx=-0.71, vy=-0.71, angle=-135.0°, dir=up_left
[MOD:player_core_mod]	[PLAYER_CORE_MOD] Direction calc: vx=-0.71, vy=-0.71, angle=-135.0°, dir=up_left
[MOD:player_core_mod]	[PLAYER_CORE_MOD] Direction calc: vx=0.00, vy=-1.00, angle=-90.0°, dir=up
[MOD:player_core_mod]	[PLAYER_CORE_MOD] Direction calc: vx=0.00, vy=-1.00, angle=-90.0°, dir=up
[MOD:player_core_mod]	[PLAYER_CORE_MOD] Direction calc: vx=0.71, vy=-0.71, angle=-45.0°, dir=up_right
[MOD:player_core_mod]	[PLAYER_CORE_MOD] Direction calc: vx=0.71, vy=-0.71, angle=-45.0°, dir=up_right
[MOD:player_core_mod]	[PLAYER_CORE_MOD] Direction calc: vx=0.71, vy=-0.71, angle=-45.0°, dir=up_right
[MOD:player_core_mod]	[PLAYER_CORE_MOD] Direction calc: vx=0.71, vy=-0.71, angle=-45.0°, dir=up_right
[MOD:player_core_mod]	[PLAYER_CORE_MOD] Direction calc: vx=1.00, vy=0.00, angle=0.0°, dir=right
[MOD:player_core_mod]	[PLAYER_CORE_MOD] Direction calc: vx=1.00, vy=0.00, angle=0.0°, dir=right
[MOD:player_core_mod]	[PLAYER_CORE_MOD] Direction calc: vx=1.00, vy=0.00, angle=0.0°, dir=right
[MOD:player_core_mod]	[PLAYER_CORE_MOD] Direction calc: vx=1.00, vy=0.00, angle=0.0°, dir=right
[MOD:player_core_mod]	[PLAYER_CORE_MOD] Direction calc: vx=1.00, vy=0.00, angle=0.0°, dir=right
[MOD:player_core_mod]	[PLAYER_CORE_MOD] Direction calc: vx=1.00, vy=0.00, angle=0.0°, dir=right
[MOD:player_core_mod]	[PLAYER_CORE_MOD] Direction calc: vx=1.00, vy=0.00, angle=0.0°, dir=right
[MOD:player_core_mod]	[PLAYER_CORE_MOD] Direction calc: vx=1.00, vy=0.00, angle=0.0°, dir=right
[MOD:player_core_mod]	[PLAYER_CORE_MOD] Direction calc: vx=1.00, vy=0.00, angle=0.0°, dir=right
[MOD:player_core_mod]	[PLAYER_CORE_MOD] Direction calc: vx=1.00, vy=0.00, angle=0.0°, dir=right
[MOD:player_core_mod]	[PLAYER_CORE_MOD] Direction calc: vx=1.00, vy=0.00, angle=0.0°, dir=right
[MOD:player_core_mod]	[PLAYER_CORE_MOD] Direction calc: vx=1.00, vy=0.00, angle=0.0°, dir=right
[MOD:player_core_mod]	[PLAYER_CORE_MOD] Direction calc: vx=1.00, vy=0.00, angle=0.0°, dir=right
[MOD:player_core_mod]	[PLAYER_CORE_MOD] Direction calc: vx=1.00, vy=0.00, angle=0.0°, dir=right
[MOD:player_core_mod]	[PLAYER_CORE_MOD] Direction calc: vx=1.00, vy=0.00, angle=0.0°, dir=right
[MOD:player_core_mod]	[PLAYER_CORE_MOD] Direction calc: vx=1.00, vy=0.00, angle=0.0°, dir=right
[MOD:player_core_mod]	[PLAYER_CORE_MOD] Direction calc: vx=1.00, vy=0.00, angle=0.0°, dir=right
[MOD:player_core_mod]	[PLAYER_CORE_MOD DEBUG] Update call #300
[MOD:player_core_mod]	[PLAYER_CORE_MOD] Direction calc: vx=1.00, vy=0.00, angle=0.0°, dir=right
[MOD:player_core_mod]	[PLAYER_CORE_MOD] Direction calc: vx=1.00, vy=0.00, angle=0.0°, dir=right
[MOD:player_core_mod]	[PLAYER_CORE_MOD] Direction calc: vx=1.00, vy=0.00, angle=0.0°, dir=right
[MOD:player_core_mod]	[PLAYER_CORE_MOD] Direction calc: vx=1.00, vy=0.00, angle=0.0°, dir=right
[MOD:player_core_mod]	[PLAYER_CORE_MOD] State: IDLE, Direction: right
[MOD:player_core_mod]	[PLAYER_CORE_MOD] State: WALKING, Direction: right
[MOD:player_core_mod]	[PLAYER_CORE_MOD] Direction calc: vx=0.00, vy=-1.00, angle=-90.0°, dir=up
[MOD:player_core_mod]	[PLAYER_CORE_MOD] Direction calc: vx=0.00, vy=-1.00, angle=-90.0°, dir=up
[MOD:player_core_mod]	[PLAYER_CORE_MOD] Direction calc: vx=0.00, vy=-1.00, angle=-90.0°, dir=up
[MOD:player_core_mod]	[PLAYER_CORE_MOD] Direction calc: vx=-0.71, vy=-0.71, angle=-135.0°, dir=up_left
[MOD:player_core_mod]	[PLAYER_CORE_MOD] Direction calc: vx=-0.71, vy=-0.71, angle=-135.0°, dir=up_left
[MOD:player_core_mod]	[PLAYER_CORE_MOD] Direction calc: vx=-0.71, vy=-0.71, angle=-135.0°, dir=up_left
[MOD:player_core_mod]	[PLAYER_CORE_MOD] Direction calc: vx=-0.71, vy=-0.71, angle=-135.0°, dir=up_left
[MOD:player_core_mod]	[PLAYER_CORE_MOD] Direction calc: vx=-0.71, vy=-0.71, angle=-135.0°, dir=up_left
[MOD:player_core_mod]	[PLAYER_CORE_MOD] Direction calc: vx=-0.71, vy=-0.71, angle=-135.0°, dir=up_left
[MOD:player_core_mod]	[PLAYER_CORE_MOD] Direction calc: vx=-0.71, vy=-0.71, angle=-135.0°, dir=up_left
[MOD:player_core_mod]	[PLAYER_CORE_MOD] Direction calc: vx=0.00, vy=-1.00, angle=-90.0°, dir=up
[MOD:player_core_mod]	[PLAYER_CORE_MOD] Direction calc: vx=0.00, vy=-1.00, angle=-90.0°, dir=up
[MOD:player_core_mod]	[PLAYER_CORE_MOD] State: IDLE, Direction: up
[MOD:player_core_mod]	[PLAYER_CORE_MOD] State: WALKING, Direction: up
[MOD:player_core_mod]	[PLAYER_CORE_MOD] Direction calc: vx=1.00, vy=0.00, angle=0.0°, dir=right
[MOD:player_core_mod]	[PLAYER_CORE_MOD] Direction calc: vx=1.00, vy=0.00, angle=0.0°, dir=right
[MOD:player_core_mod]	[PLAYER_CORE_MOD] Direction calc: vx=1.00, vy=0.00, angle=0.0°, dir=right
[MOD:player_core_mod]	[PLAYER_CORE_MOD] Direction calc: vx=1.00, vy=0.00, angle=0.0°, dir=right
[MOD:player_core_mod]	[PLAYER_CORE_MOD] Direction calc: vx=1.00, vy=0.00, angle=0.0°, dir=right
[MOD:player_core_mod]	[PLAYER_CORE_MOD] Direction calc: vx=1.00, vy=0.00, angle=0.0°, dir=right
[MOD:player_core_mod]	[PLAYER_CORE_MOD] Direction calc: vx=1.00, vy=0.00, angle=0.0°, dir=right
[MOD:player_core_mod]	[PLAYER_CORE_MOD] Direction calc: vx=1.00, vy=0.00, angle=0.0°, dir=right
[MOD:player_core_mod]	[PLAYER_CORE_MOD] Direction calc: vx=1.00, vy=0.00, angle=0.0°, dir=right
[MOD:player_core_mod]	[PLAYER_CORE_MOD] Direction calc: vx=1.00, vy=0.00, angle=0.0°, dir=right
[MOD:player_core_mod]	[PLAYER_CORE_MOD] Direction calc: vx=1.00, vy=0.00, angle=0.0°, dir=right
[MOD:player_core_mod]	[PLAYER_CORE_MOD] Direction calc: vx=0.71, vy=0.71, angle=45.0°, dir=down_right
[MOD:player_core_mod]	[PLAYER_CORE_MOD] Direction calc: vx=0.00, vy=1.00, angle=90.0°, dir=down
[MOD:player_core_mod]	[PLAYER_CORE_MOD] Direction calc: vx=0.00, vy=1.00, angle=90.0°, dir=down
[MOD:player_core_mod]	[PLAYER_CORE_MOD] Direction calc: vx=0.00, vy=1.00, angle=90.0°, dir=down
[MOD:player_core_mod]	[PLAYER_CORE_MOD] Direction calc: vx=0.00, vy=1.00, angle=90.0°, dir=down
[MOD:player_core_mod]	[PLAYER_CORE_MOD] Direction calc: vx=0.00, vy=1.00, angle=90.0°, dir=down
[MOD:player_core_mod]	[PLAYER_CORE_MOD] Direction calc: vx=0.00, vy=1.00, angle=90.0°, dir=down
[MOD:player_core_mod]	[PLAYER_CORE_MOD] Direction calc: vx=0.00, vy=1.00, angle=90.0°, dir=down
[MOD:player_core_mod]	[PLAYER_CORE_MOD] Direction calc: vx=0.00, vy=1.00, angle=90.0°, dir=down
[MOD:player_core_mod]	[PLAYER_CORE_MOD] Direction calc: vx=0.00, vy=1.00, angle=90.0°, dir=down
[MOD:player_core_mod]	[PLAYER_CORE_MOD] Direction calc: vx=0.00, vy=1.00, angle=90.0°, dir=down
[MOD:player_core_mod]	[PLAYER_CORE_MOD] Direction calc: vx=0.00, vy=1.00, angle=90.0°, dir=down
[MOD:player_core_mod]	[PLAYER_CORE_MOD] Direction calc: vx=0.00, vy=1.00, angle=90.0°, dir=down
[MOD:player_core_mod]	[PLAYER_CORE_MOD] Direction calc: vx=0.00, vy=1.00, angle=90.0°, dir=down
[MOD:player_core_mod]	[PLAYER_CORE_MOD] Direction calc: vx=0.00, vy=1.00, angle=90.0°, dir=down
[MOD:player_core_mod]	[PLAYER_CORE_MOD] Direction calc: vx=0.71, vy=0.71, angle=45.0°, dir=down_right
[MOD:player_core_mod]	[PLAYER_CORE_MOD] Direction calc: vx=0.71, vy=0.71, angle=45.0°, dir=down_right
[MOD:player_core_mod]	[PLAYER_CORE_MOD] Direction calc: vx=0.71, vy=0.71, angle=45.0°, dir=down_right
[rendererPlus] Debug placeholder: Missing texture 'nil'
[rendererPlus] Debug placeholder: Missing texture 'nil'
[rendererPlus] Debug placeholder: Missing texture 'nil'
[rendererPlus] Debug placeholder: Missing texture 'nil'
[rendererPlus] Debug placeholder: Missing texture 'nil'
[rendererPlus] Debug placeholder: Missing texture 'nil'
[rendererPlus] Debug placeholder: Missing texture 'nil'
[MOD:player_core_mod]	[PLAYER_CORE_MOD DEBUG] Update call #360
[rendererPlus] Debug placeholder: Missing texture 'nil'
[rendererPlus] Debug placeholder: Missing texture 'nil'
[rendererPlus] Debug placeholder: Missing texture 'nil'
[rendererPlus] Debug placeholder: Missing texture 'nil'
[rendererPlus] Debug placeholder: Missing texture 'nil'
[rendererPlus] GC collected: 1995.71 KB
[rendererPlus] Debug placeholder: Missing texture 'nil'
[rendererPlus] Debug placeholder: Missing texture 'nil'
[rendererPlus] Debug placeholder: Missing texture 'nil'
[rendererPlus] Debug placeholder: Missing texture 'nil'
[rendererPlus] Debug placeholder: Missing texture 'nil'
[rendererPlus] Debug placeholder: Missing texture 'nil'
[rendererPlus] Debug placeholder: Missing texture 'nil'
[rendererPlus] Debug placeholder: Missing texture 'nil'
[rendererPlus] Debug placeholder: Missing texture 'nil'
[rendererPlus] Debug placeholder: Missing texture 'nil'
[rendererPlus] Debug placeholder: Missing texture 'nil'
[rendererPlus] Debug placeholder: Missing texture 'nil'
[rendererPlus] Debug placeholder: Missing texture 'nil'
[rendererPlus] Debug placeholder: Missing texture 'nil'
[rendererPlus] Debug placeholder: Missing texture 'nil'
[rendererPlus] Debug placeholder: Missing texture 'nil'
[rendererPlus] Debug placeholder: Missing texture 'nil'
[rendererPlus] Debug placeholder: Missing texture 'nil'
[rendererPlus] Debug placeholder: Missing texture 'nil'
[rendererPlus] Debug placeholder: Missing texture 'nil'
[rendererPlus] Debug placeholder: Missing texture 'nil'
[rendererPlus] Debug placeholder: Missing texture 'nil'
[rendererPlus] Debug placeholder: Missing texture 'nil'
[rendererPlus] Debug placeholder: Missing texture 'nil'
[rendererPlus] Debug placeholder: Missing texture 'nil'
[MOD:player_core_mod]	[PLAYER_CORE_MOD] State: WALKING, Direction: down_right
[MOD:player_core_mod]	[PLAYER_CORE_MOD] Direction calc: vx=0.00, vy=-1.00, angle=-90.0°, dir=up
[MOD:player_core_mod]	[PLAYER_CORE_MOD] Direction calc: vx=0.00, vy=-1.00, angle=-90.0°, dir=up
[MOD:player_core_mod]	[PLAYER_CORE_MOD] Direction calc: vx=0.00, vy=-1.00, angle=-90.0°, dir=up
[MOD:player_core_mod]	[PLAYER_CORE_MOD] Direction calc: vx=0.00, vy=-1.00, angle=-90.0°, dir=up
[MOD:player_core_mod]	[PLAYER_CORE_MOD] Direction calc: vx=0.00, vy=-1.00, angle=-90.0°, dir=up
[MOD:player_core_mod]	[PLAYER_CORE_MOD] Direction calc: vx=0.00, vy=-1.00, angle=-90.0°, dir=up
[MOD:player_core_mod]	[PLAYER_CORE_MOD] Direction calc: vx=0.00, vy=-1.00, angle=-90.0°, dir=up
[MOD:player_core_mod]	[PLAYER_CORE_MOD] Direction calc: vx=-0.71, vy=-0.71, angle=-135.0°, dir=up_left
[MOD:player_core_mod]	[PLAYER_CORE_MOD] Direction calc: vx=-0.71, vy=-0.71, angle=-135.0°, dir=up_left
[MOD:player_core_mod]	[PLAYER_CORE_MOD] Direction calc: vx=-0.71, vy=-0.71, angle=-135.0°, dir=up_left
[MOD:player_core_mod]	[PLAYER_CORE_MOD] Direction calc: vx=-0.71, vy=-0.71, angle=-135.0°, dir=up_left
[MOD:player_core_mod]	[PLAYER_CORE_MOD] Direction calc: vx=-0.71, vy=-0.71, angle=-135.0°, dir=up_left
[MOD:player_core_mod]	[PLAYER_CORE_MOD] Direction calc: vx=-0.71, vy=-0.71, angle=-135.0°, dir=up_left
[MOD:player_core_mod]	[PLAYER_CORE_MOD] Direction calc: vx=0.00, vy=-1.00, angle=-90.0°, dir=up
[MOD:player_core_mod]	[PLAYER_CORE_MOD] Direction calc: vx=0.00, vy=-1.00, angle=-90.0°, dir=up
[MOD:player_core_mod]	[PLAYER_CORE_MOD] Direction calc: vx=0.71, vy=-0.71, angle=-45.0°, dir=up_right
[MOD:player_core_mod]	[PLAYER_CORE_MOD] Direction calc: vx=0.71, vy=-0.71, angle=-45.0°, dir=up_right
[MOD:player_core_mod]	[PLAYER_CORE_MOD] Direction calc: vx=0.71, vy=-0.71, angle=-45.0°, dir=up_right
[MOD:player_core_mod]	[PLAYER_CORE_MOD] Direction calc: vx=1.00, vy=0.00, angle=0.0°, dir=right
[MOD:player_core_mod]	[PLAYER_CORE_MOD] Direction calc: vx=1.00, vy=0.00, angle=0.0°, dir=right
[MOD:player_core_mod]	[PLAYER_CORE_MOD] Direction calc: vx=1.00, vy=0.00, angle=0.0°, dir=right
[MOD:player_core_mod]	[PLAYER_CORE_MOD] Direction calc: vx=1.00, vy=0.00, angle=0.0°, dir=right
[MOD:player_core_mod]	[PLAYER_CORE_MOD DEBUG] Update call #420
[MOD:player_core_mod]	[PLAYER_CORE_MOD] Direction calc: vx=1.00, vy=0.00, angle=0.0°, dir=right
[MOD:player_core_mod]	[PLAYER_CORE_MOD] Direction calc: vx=1.00, vy=0.00, angle=0.0°, dir=right
[MOD:player_core_mod]	[PLAYER_CORE_MOD] Direction calc: vx=1.00, vy=0.00, angle=0.0°, dir=right
[MOD:player_core_mod]	[PLAYER_CORE_MOD] Direction calc: vx=1.00, vy=0.00, angle=0.0°, dir=right
[MOD:player_core_mod]	[PLAYER_CORE_MOD] Direction calc: vx=1.00, vy=0.00, angle=0.0°, dir=right
[MOD:player_core_mod]	[PLAYER_CORE_MOD] State: IDLE, Direction: right
[MOD:player_core_mod]	[PLAYER_CORE_MOD] State: WALKING, Direction: right
[MOD:player_core_mod]	[PLAYER_CORE_MOD] Direction calc: vx=-1.00, vy=0.00, angle=180.0°, dir=left
[MOD:player_core_mod]	[PLAYER_CORE_MOD] Direction calc: vx=-0.71, vy=0.71, angle=135.0°, dir=down_left
[MOD:player_core_mod]	[PLAYER_CORE_MOD] Direction calc: vx=-0.71, vy=0.71, angle=135.0°, dir=down_left
[MOD:player_core_mod]	[PLAYER_CORE_MOD] Direction calc: vx=0.00, vy=1.00, angle=90.0°, dir=down
[MOD:player_core_mod]	[PLAYER_CORE_MOD] Direction calc: vx=0.00, vy=1.00, angle=90.0°, dir=down
[MOD:player_core_mod]	[PLAYER_CORE_MOD] Direction calc: vx=0.00, vy=1.00, angle=90.0°, dir=down
[MOD:player_core_mod]	[PLAYER_CORE_MOD] Direction calc: vx=0.00, vy=1.00, angle=90.0°, dir=down
[MOD:player_core_mod]	[PLAYER_CORE_MOD] Direction calc: vx=0.00, vy=1.00, angle=90.0°, dir=down
[MOD:player_core_mod]	[PLAYER_CORE_MOD] Direction calc: vx=0.00, vy=1.00, angle=90.0°, dir=down
[MOD:player_core_mod]	[PLAYER_CORE_MOD] Direction calc: vx=0.00, vy=1.00, angle=90.0°, dir=down
[MOD:player_core_mod]	[PLAYER_CORE_MOD] Direction calc: vx=0.00, vy=1.00, angle=90.0°, dir=down
[MOD:player_core_mod]	[PLAYER_CORE_MOD] Direction calc: vx=0.71, vy=0.71, angle=45.0°, dir=down_right
[MOD:player_core_mod]	[PLAYER_CORE_MOD] Direction calc: vx=0.71, vy=0.71, angle=45.0°, dir=down_right
[MOD:player_core_mod]	[PLAYER_CORE_MOD] Direction calc: vx=1.00, vy=0.00, angle=0.0°, dir=right
[MOD:player_core_mod]	[PLAYER_CORE_MOD] Direction calc: vx=1.00, vy=0.00, angle=0.0°, dir=right
[MOD:player_core_mod]	[PLAYER_CORE_MOD] Direction calc: vx=1.00, vy=0.00, angle=0.0°, dir=right
[MOD:player_core_mod]	[PLAYER_CORE_MOD] Direction calc: vx=1.00, vy=0.00, angle=0.0°, dir=right
[MOD:player_core_mod]	[PLAYER_CORE_MOD] Direction calc: vx=1.00, vy=0.00, angle=0.0°, dir=right
[MOD:player_core_mod]	[PLAYER_CORE_MOD] Direction calc: vx=1.00, vy=0.00, angle=0.0°, dir=right
[MOD:player_core_mod]	[PLAYER_CORE_MOD] Direction calc: vx=1.00, vy=0.00, angle=0.0°, dir=right
[MOD:player_core_mod]	[PLAYER_CORE_MOD] Direction calc: vx=1.00, vy=0.00, angle=0.0°, dir=right
[MOD:player_core_mod]	[PLAYER_CORE_MOD] Direction calc: vx=1.00, vy=0.00, angle=0.0°, dir=right
[MOD:player_core_mod]	[PLAYER_CORE_MOD] Direction calc: vx=1.00, vy=0.00, angle=0.0°, dir=right
[MOD:weapons_core_mod] [DEBUG] Mouse press handler triggered - button: 1
[MOD:weapons_core_mod] [DEBUG] handleShoot called - button: 1, x: 541, y: 300
[MOD:weapons_core_mod] [DEBUG] Weapon: Pistol, cooldown: 0
[MOD:combat_effects_mod] Created muzzle flash at 479.57684326172,257.02102661133
[MOD:combat_effects_mod] Created gunpowder particle effect
[MOD:weapons_core_mod] Player knockback: 35 in direction (-1, 0)
[MOD:weapons_core_mod] Screen shake: 1.5 for 0.08s
[MOD:weapons_core_mod] [DEBUG] createShellEjection called - type: pistol
[MOD:weapons_core_mod] [DEBUG] Using combat_effects_mod for shell ejection
[MOD:combat_effects_mod] Ejected pistol shell
[MOD:weapons_core_mod] [DEBUG] Attempting to spawn projectile - type: bullet, pos: 461.57684326172,257.02102661133
[MOD:weapons_core_mod] [DEBUG] spawnProjectile called
[MOD:weapons_core_mod] [DEBUG] projectiles_mod from getMod: table: 0x011b7a8008
[MOD:weapons_core_mod] [DEBUG] Found projectiles_mod.instance
[MOD:weapons_core_mod] [DEBUG] Using projectiles_mod.instance.public.spawnProjectile
[MOD:weapons_core_mod] [DEBUG] Projectile spawned successfully
[MOD:player_core_mod]	[PLAYER_CORE_MOD] State: IDLE, Direction: right
[MOD:projectiles_mod] Rendering 1 projectiles
[MOD:projectiles_mod] Rendering 1 projectiles
[MOD:projectiles_mod] Rendering 1 projectiles
[MOD:projectiles_mod] Rendering 1 projectiles
[MOD:projectiles_mod] Rendering 1 projectiles
[MOD:projectiles_mod] Rendering 1 projectiles
[MOD:projectiles_mod] Rendering 1 projectiles
[rendererPlus] World queue size: 5
[MOD:projectiles_mod] Rendering 1 projectiles
[MOD:projectiles_mod] Rendering 1 projectiles
[MOD:projectiles_mod] Rendering 1 projectiles
[MOD:weapons_core_mod] [DEBUG] Mouse release handler triggered - button: 1
[MOD:projectiles_mod] Rendering 1 projectiles
[MOD:projectiles_mod] Rendering 1 projectiles
[MOD:projectiles_mod] Rendering 1 projectiles
[MOD:projectiles_mod] Rendering 1 projectiles
[MOD:weapons_core_mod] Equipped weapon: Pistol
[MOD:projectiles_mod] Rendering 1 projectiles
[MOD:projectiles_mod] Rendering 1 projectiles
[MOD:projectiles_mod] Rendering 1 projectiles
[MOD:projectiles_mod] Rendering 1 projectiles
[MOD:projectiles_mod] Rendering 1 projectiles
[MOD:projectiles_mod] Rendering 1 projectiles
[MOD:projectiles_mod] Rendering 1 projectiles
[MOD:projectiles_mod] Rendering 1 projectiles
[MOD:projectiles_mod] Rendering 1 projectiles
[MOD:weapons_core_mod] Equipped weapon: SMG
[MOD:projectiles_mod] Rendering 1 projectiles
[MOD:projectiles_mod] Rendering 1 projectiles
[MOD:player_core_mod]	[PLAYER_CORE_MOD DEBUG] Update call #480
[MOD:projectiles_mod] Rendering 1 projectiles
[MOD:projectiles_mod] Rendering 1 projectiles
[MOD:projectiles_mod] Rendering 1 projectiles
[MOD:projectiles_mod] Rendering 1 projectiles
[MOD:projectiles_mod] Rendering 1 projectiles
[rendererPlus] GC collected: 1631.65 KB
[MOD:projectiles_mod] Rendering 1 projectiles
[MOD:projectiles_mod] Rendering 1 projectiles
[MOD:weapons_core_mod] Equipped weapon: Shotgun
[MOD:projectiles_mod] Rendering 1 projectiles
[MOD:projectiles_mod] Rendering 1 projectiles
[MOD:projectiles_mod] Rendering 1 projectiles
[MOD:projectiles_mod] Rendering 1 projectiles
[MOD:projectiles_mod] Rendering 1 projectiles
[MOD:player_core_mod]	[PLAYER_CORE_MOD] Player collision detected
[MOD:player_core_mod]	[PLAYER_CORE_MOD] Player collision detected
[MOD:projectiles_mod] Rendering 1 projectiles
[MOD:projectiles_mod] Rendering 1 projectiles
[MOD:weapons_core_mod] Equipped weapon: Pistol
[MOD:projectiles_mod] Rendering 1 projectiles
[MOD:projectiles_mod] Rendering 1 projectiles
[MOD:projectiles_mod] Rendering 1 projectiles
[MOD:projectiles_mod] Rendering 1 projectiles
[MOD:projectiles_mod] Rendering 1 projectiles
[MOD:projectiles_mod] Rendering 1 projectiles
[MOD:projectiles_mod] Rendering 1 projectiles
[MOD:projectiles_mod] Rendering 1 projectiles
[MOD:projectiles_mod] Rendering 1 projectiles
[MOD:projectiles_mod] Rendering 1 projectiles
[MOD:projectiles_mod] Rendering 1 projectiles
[MOD:projectiles_mod] Rendering 1 projectiles
[MOD:projectiles_mod] Rendering 1 projectiles
[MOD:projectiles_mod] Rendering 1 projectiles
[MOD:projectiles_mod] Rendering 1 projectiles
[MOD:projectiles_mod] Rendering 1 projectiles
[MOD:projectiles_mod] Rendering 1 projectiles
[MOD:weapons_core_mod] Equipped weapon: Assault Rifle
[MOD:weapons_core_mod] Equipped weapon: Rocket Launcher
[MOD:projectiles_mod] Rendering 1 projectiles
[MOD:projectiles_mod] Rendering 1 projectiles
[MOD:projectiles_mod] Rendering 1 projectiles
[MOD:projectiles_mod] Rendering 1 projectiles
[MOD:projectiles_mod] Rendering 1 projectiles
[MOD:projectiles_mod] Rendering 1 projectiles
[MOD:projectiles_mod] Rendering 1 projectiles
[MOD:projectiles_mod] Rendering 1 projectiles
[MOD:projectiles_mod] Rendering 1 projectiles
[MOD:projectiles_mod] Rendering 1 projectiles
[MOD:projectiles_mod] Rendering 1 projectiles
[MOD:projectiles_mod] Rendering 1 projectiles
[MOD:projectiles_mod] Rendering 1 projectiles
[MOD:projectiles_mod] Rendering 1 projectiles
[MOD:projectiles_mod] Rendering 1 projectiles
[MOD:weapons_core_mod] Equipped weapon: Pistol
[MOD:projectiles_mod] Rendering 1 projectiles
[MOD:projectiles_mod] Rendering 1 projectiles
[MOD:weapons_core_mod] Equipped weapon: SMG
[MOD:projectiles_mod] Rendering 1 projectiles
[MOD:projectiles_mod] Rendering 1 projectiles
[MOD:projectiles_mod] Rendering 1 projectiles
[MOD:projectiles_mod] Rendering 1 projectiles
[MOD:projectiles_mod] Rendering 1 projectiles
[MOD:weapons_core_mod] Equipped weapon: Shotgun
[MOD:projectiles_mod] Rendering 1 projectiles
[MOD:projectiles_mod] Rendering 1 projectiles
[MOD:projectiles_mod] Rendering 1 projectiles
[MOD:projectiles_mod] Rendering 1 projectiles
[MOD:projectiles_mod] Rendering 1 projectiles
[MOD:projectiles_mod] Rendering 1 projectiles
[MOD:projectiles_mod] Rendering 1 projectiles
[MOD:player_core_mod]	[PLAYER_CORE_MOD DEBUG] Update call #540
[MOD:projectiles_mod] Rendering 1 projectiles
[MOD:projectiles_mod] Rendering 1 projectiles
[MOD:projectiles_mod] Rendering 1 projectiles
[MOD:projectiles_mod] Rendering 1 projectiles
[MOD:projectiles_mod] Rendering 1 projectiles
[MOD:projectiles_mod] Rendering 1 projectiles
[MOD:projectiles_mod] Rendering 1 projectiles
[MOD:projectiles_mod] Rendering 1 projectiles
[MOD:projectiles_mod] Rendering 1 projectiles
[MOD:projectiles_mod] Rendering 1 projectiles
[MOD:projectiles_mod] Rendering 1 projectiles
[MOD:projectiles_mod] Rendering 1 projectiles
[MOD:projectiles_mod] Rendering 1 projectiles
[MOD:projectiles_mod] Rendering 1 projectiles
[MOD:projectiles_mod] Rendering 1 projectiles
[MOD:projectiles_mod] Rendering 1 projectiles
[MOD:projectiles_mod] Rendering 1 projectiles
[MOD:projectiles_mod] Rendering 1 projectiles
[MOD:projectiles_mod] Rendering 1 projectiles
[MOD:player_core_mod]	[PLAYER_CORE_MOD] State: WALKING, Direction: right
[MOD:player_core_mod]	[PLAYER_CORE_MOD] Direction calc: vx=-1.00, vy=0.00, angle=180.0°, dir=left
[MOD:projectiles_mod] Rendering 1 projectiles
[MOD:player_core_mod]	[PLAYER_CORE_MOD] Direction calc: vx=-1.00, vy=0.00, angle=180.0°, dir=left
[MOD:projectiles_mod] Rendering 1 projectiles
[MOD:player_core_mod]	[PLAYER_CORE_MOD] Direction calc: vx=-1.00, vy=0.00, angle=180.0°, dir=left
[MOD:projectiles_mod] Rendering 1 projectiles
[MOD:player_core_mod]	[PLAYER_CORE_MOD] Direction calc: vx=-1.00, vy=0.00, angle=180.0°, dir=left
[MOD:projectiles_mod] Rendering 1 projectiles
[MOD:player_core_mod]	[PLAYER_CORE_MOD] Direction calc: vx=-1.00, vy=0.00, angle=180.0°, dir=left
[MOD:projectiles_mod] Rendering 1 projectiles
[MOD:projectiles_mod] Rendering 1 projectiles
[rendererPlus] Debug placeholder: Missing texture 'nil'
[MOD:projectiles_mod] Rendering 1 projectiles
[rendererPlus] Debug placeholder: Missing texture 'nil'
[MOD:projectiles_mod] Rendering 1 projectiles
[rendererPlus] Debug placeholder: Missing texture 'nil'
[MOD:projectiles_mod] Rendering 1 projectiles
[rendererPlus] Debug placeholder: Missing texture 'nil'
[MOD:projectiles_mod] Rendering 1 projectiles
[rendererPlus] Debug placeholder: Missing texture 'nil'
[MOD:projectiles_mod] Rendering 1 projectiles
[rendererPlus] Debug placeholder: Missing texture 'nil'
[MOD:projectiles_mod] Rendering 1 projectiles
[rendererPlus] Debug placeholder: Missing texture 'nil'
[MOD:projectiles_mod] Rendering 1 projectiles
[rendererPlus] Debug placeholder: Missing texture 'nil'
[MOD:projectiles_mod] Rendering 1 projectiles
[rendererPlus] Debug placeholder: Missing texture 'nil'
[MOD:projectiles_mod] Rendering 1 projectiles
[rendererPlus] Debug placeholder: Missing texture 'nil'
[MOD:projectiles_mod] Rendering 1 projectiles
[rendererPlus] Debug placeholder: Missing texture 'nil'
[MOD:projectiles_mod] Rendering 1 projectiles
[rendererPlus] Debug placeholder: Missing texture 'nil'
[MOD:projectiles_mod] Rendering 1 projectiles
[rendererPlus] Debug placeholder: Missing texture 'nil'
[MOD:projectiles_mod] Rendering 1 projectiles
[rendererPlus] Debug placeholder: Missing texture 'nil'
[MOD:projectiles_mod] Rendering 1 projectiles
[rendererPlus] Debug placeholder: Missing texture 'nil'
[MOD:projectiles_mod] Rendering 1 projectiles
[rendererPlus] Debug placeholder: Missing texture 'nil'
[MOD:projectiles_mod] Rendering 1 projectiles
[rendererPlus] Debug placeholder: Missing texture 'nil'
[MOD:projectiles_mod] Rendering 1 projectiles
[rendererPlus] Debug placeholder: Missing texture 'nil'
[MOD:projectiles_mod] Rendering 1 projectiles
[rendererPlus] Debug placeholder: Missing texture 'nil'
[MOD:projectiles_mod] Rendering 1 projectiles
[rendererPlus] Debug placeholder: Missing texture 'nil'
[MOD:projectiles_mod] Rendering 1 projectiles
[rendererPlus] Debug placeholder: Missing texture 'nil'
[MOD:projectiles_mod] Rendering 1 projectiles
[rendererPlus] Debug placeholder: Missing texture 'nil'
[MOD:projectiles_mod] Rendering 1 projectiles
[rendererPlus] Debug placeholder: Missing texture 'nil'
[MOD:projectiles_mod] Rendering 1 projectiles
[rendererPlus] Debug placeholder: Missing texture 'nil'
[MOD:projectiles_mod] Rendering 1 projectiles
[rendererPlus] Debug placeholder: Missing texture 'nil'
[MOD:projectiles_mod] Rendering 1 projectiles
[rendererPlus] Debug placeholder: Missing texture 'nil'
[MOD:projectiles_mod] Rendering 1 projectiles
[rendererPlus] Debug placeholder: Missing texture 'nil'
[MOD:projectiles_mod] Rendering 1 projectiles
[rendererPlus] Debug placeholder: Missing texture 'nil'
[MOD:projectiles_mod] Rendering 1 projectiles
[rendererPlus] Debug placeholder: Missing texture 'nil'
[MOD:projectiles_mod] Rendering 1 projectiles
[rendererPlus] Debug placeholder: Missing texture 'nil'
[MOD:projectiles_mod] Rendering 1 projectiles
[rendererPlus] Debug placeholder: Missing texture 'nil'
[MOD:projectiles_mod] Rendering 1 projectiles
[rendererPlus] Debug placeholder: Missing texture 'nil'
[MOD:projectiles_mod] Rendering 1 projectiles
[rendererPlus] Debug placeholder: Missing texture 'nil'
[MOD:projectiles_mod] Rendering 1 projectiles
[rendererPlus] Debug placeholder: Missing texture 'nil'
[MOD:projectiles_mod] Rendering 1 projectiles
[rendererPlus] Debug placeholder: Missing texture 'nil'
[MOD:projectiles_mod] Rendering 1 projectiles
[rendererPlus] Debug placeholder: Missing texture 'nil'
[MOD:player_core_mod]	[PLAYER_CORE_MOD DEBUG] Update call #600
[MOD:projectiles_mod] Rendering 1 projectiles
[rendererPlus] Debug placeholder: Missing texture 'nil'
[MOD:player_core_mod]	[PLAYER_CORE_MOD] State: WALKING, Direction: left
[MOD:player_core_mod]	[PLAYER_CORE_MOD] Direction calc: vx=0.00, vy=1.00, angle=90.0°, dir=down
[MOD:projectiles_mod] Rendering 1 projectiles
[MOD:player_core_mod]	[PLAYER_CORE_MOD] Direction calc: vx=-0.71, vy=0.71, angle=135.0°, dir=down_left
[MOD:projectiles_mod] Rendering 1 projectiles
[MOD:player_core_mod]	[PLAYER_CORE_MOD] Direction calc: vx=-0.71, vy=0.71, angle=135.0°, dir=down_left
[MOD:projectiles_mod] Rendering 1 projectiles
[MOD:player_core_mod]	[PLAYER_CORE_MOD] Direction calc: vx=-0.71, vy=0.71, angle=135.0°, dir=down_left
[MOD:projectiles_mod] Rendering 1 projectiles
[rendererPlus] GC collected: 798.05 KB
[MOD:player_core_mod]	[PLAYER_CORE_MOD] Direction calc: vx=-0.71, vy=0.71, angle=135.0°, dir=down_left
[MOD:projectiles_mod] Rendering 1 projectiles
[MOD:player_core_mod]	[PLAYER_CORE_MOD] Direction calc: vx=-0.71, vy=0.71, angle=135.0°, dir=down_left
[MOD:projectiles_mod] Rendering 1 projectiles
[MOD:player_core_mod]	[PLAYER_CORE_MOD] Direction calc: vx=-0.71, vy=0.71, angle=135.0°, dir=down_left
[MOD:projectiles_mod] Rendering 1 projectiles
[MOD:player_core_mod]	[PLAYER_CORE_MOD] Direction calc: vx=-0.71, vy=0.71, angle=135.0°, dir=down_left
[MOD:projectiles_mod] Rendering 1 projectiles
[MOD:player_core_mod]	[PLAYER_CORE_MOD] Direction calc: vx=-0.71, vy=0.71, angle=135.0°, dir=down_left
[MOD:projectiles_mod] Rendering 1 projectiles
[MOD:player_core_mod]	[PLAYER_CORE_MOD] Direction calc: vx=-0.71, vy=0.71, angle=135.0°, dir=down_left
[MOD:projectiles_mod] Rendering 1 projectiles
[MOD:player_core_mod]	[PLAYER_CORE_MOD] Direction calc: vx=-0.71, vy=0.71, angle=135.0°, dir=down_left
[MOD:projectiles_mod] Rendering 1 projectiles
[MOD:player_core_mod]	[PLAYER_CORE_MOD] Direction calc: vx=-0.71, vy=0.71, angle=135.0°, dir=down_left
[MOD:projectiles_mod] Rendering 1 projectiles
[MOD:player_core_mod]	[PLAYER_CORE_MOD] Direction calc: vx=-0.71, vy=0.71, angle=135.0°, dir=down_left
[MOD:projectiles_mod] Rendering 1 projectiles
[MOD:player_core_mod]	[PLAYER_CORE_MOD] Direction calc: vx=-0.71, vy=0.71, angle=135.0°, dir=down_left
[MOD:projectiles_mod] Rendering 1 projectiles
[MOD:player_core_mod]	[PLAYER_CORE_MOD] Direction calc: vx=-0.71, vy=0.71, angle=135.0°, dir=down_left
[MOD:projectiles_mod] Rendering 1 projectiles
[MOD:player_core_mod]	[PLAYER_CORE_MOD] Direction calc: vx=-0.71, vy=0.71, angle=135.0°, dir=down_left
[MOD:projectiles_mod] Rendering 1 projectiles
[MOD:player_core_mod]	[PLAYER_CORE_MOD] Direction calc: vx=-0.71, vy=0.71, angle=135.0°, dir=down_left
[MOD:projectiles_mod] Rendering 1 projectiles
[MOD:player_core_mod]	[PLAYER_CORE_MOD] Direction calc: vx=-0.71, vy=0.71, angle=135.0°, dir=down_left
[MOD:projectiles_mod] Rendering 1 projectiles
[MOD:player_core_mod]	[PLAYER_CORE_MOD] Direction calc: vx=-0.71, vy=0.71, angle=135.0°, dir=down_left
[MOD:projectiles_mod] Rendering 1 projectiles
[MOD:player_core_mod]	[PLAYER_CORE_MOD] Direction calc: vx=-0.71, vy=0.71, angle=135.0°, dir=down_left
[MOD:projectiles_mod] Rendering 1 projectiles
[MOD:player_core_mod]	[PLAYER_CORE_MOD] Direction calc: vx=-0.71, vy=0.71, angle=135.0°, dir=down_left
[MOD:projectiles_mod] Rendering 1 projectiles
[MOD:player_core_mod]	[PLAYER_CORE_MOD] Direction calc: vx=-0.71, vy=0.71, angle=135.0°, dir=down_left
[MOD:projectiles_mod] Rendering 1 projectiles
[MOD:player_core_mod]	[PLAYER_CORE_MOD] Direction calc: vx=-0.71, vy=0.71, angle=135.0°, dir=down_left
[MOD:projectiles_mod] Rendering 1 projectiles
[MOD:player_core_mod]	[PLAYER_CORE_MOD] Direction calc: vx=-0.71, vy=0.71, angle=135.0°, dir=down_left
[MOD:projectiles_mod] Rendering 1 projectiles
[MOD:player_core_mod]	[PLAYER_CORE_MOD] Direction calc: vx=-0.71, vy=0.71, angle=135.0°, dir=down_left
[MOD:projectiles_mod] Rendering 1 projectiles
[MOD:player_core_mod]	[PLAYER_CORE_MOD] Direction calc: vx=-0.71, vy=0.71, angle=135.0°, dir=down_left
[MOD:projectiles_mod] Rendering 1 projectiles
[MOD:player_core_mod]	[PLAYER_CORE_MOD] Direction calc: vx=0.00, vy=1.00, angle=90.0°, dir=down
[MOD:projectiles_mod] Rendering 1 projectiles
[MOD:player_core_mod]	[PLAYER_CORE_MOD] Direction calc: vx=0.00, vy=1.00, angle=90.0°, dir=down
[MOD:projectiles_mod] Rendering 1 projectiles
[MOD:player_core_mod]	[PLAYER_CORE_MOD] Direction calc: vx=0.00, vy=1.00, angle=90.0°, dir=down
[MOD:projectiles_mod] Rendering 1 projectiles
[MOD:player_core_mod]	[PLAYER_CORE_MOD] Direction calc: vx=0.00, vy=1.00, angle=90.0°, dir=down
[MOD:projectiles_mod] Rendering 1 projectiles
[MOD:player_core_mod]	[PLAYER_CORE_MOD] Direction calc: vx=0.00, vy=1.00, angle=90.0°, dir=down
[MOD:projectiles_mod] Rendering 1 projectiles
[MOD:player_core_mod]	[PLAYER_CORE_MOD] Direction calc: vx=0.00, vy=1.00, angle=90.0°, dir=down
[MOD:projectiles_mod] Rendering 1 projectiles
[MOD:weapons_core_mod] [DEBUG] Mouse press handler triggered - button: 1
[MOD:weapons_core_mod] [DEBUG] handleShoot called - button: 1, x: 498, y: 339
[MOD:weapons_core_mod] [DEBUG] Weapon: Shotgun, cooldown: 0
[MOD:combat_effects_mod] Created muzzle flash at 400.81274414063,347.76885986328
[MOD:combat_effects_mod] Created gunpowder particle effect
[MOD:weapons_core_mod] Player knockback: 85 in direction (-1, 0)
[MOD:weapons_core_mod] Screen shake: 4 for 0.15s
[MOD:weapons_core_mod] [DEBUG] createShellEjection called - type: shotgun
[MOD:weapons_core_mod] [DEBUG] Using combat_effects_mod for shell ejection
[MOD:combat_effects_mod] Ejected shotgun shell
[MOD:weapons_core_mod] [DEBUG] Attempting to spawn projectile - type: bullet, pos: 375.81274414063,347.76885986328
[MOD:weapons_core_mod] [DEBUG] spawnProjectile called
[MOD:weapons_core_mod] [DEBUG] projectiles_mod from getMod: table: 0x011b7a8008
[MOD:weapons_core_mod] [DEBUG] Found projectiles_mod.instance
[MOD:weapons_core_mod] [DEBUG] Using projectiles_mod.instance.public.spawnProjectile
[MOD:weapons_core_mod] [DEBUG] Projectile spawned successfully
[MOD:weapons_core_mod] [DEBUG] Attempting to spawn projectile - type: bullet, pos: 375.81274414063,347.76885986328
[MOD:weapons_core_mod] [DEBUG] spawnProjectile called
[MOD:weapons_core_mod] [DEBUG] projectiles_mod from getMod: table: 0x011b7a8008
[MOD:weapons_core_mod] [DEBUG] Found projectiles_mod.instance
[MOD:weapons_core_mod] [DEBUG] Using projectiles_mod.instance.public.spawnProjectile
[MOD:weapons_core_mod] [DEBUG] Projectile spawned successfully
[MOD:weapons_core_mod] [DEBUG] Attempting to spawn projectile - type: bullet, pos: 375.81274414063,347.76885986328
[MOD:weapons_core_mod] [DEBUG] spawnProjectile called
[MOD:weapons_core_mod] [DEBUG] projectiles_mod from getMod: table: 0x011b7a8008
[MOD:weapons_core_mod] [DEBUG] Found projectiles_mod.instance
[MOD:weapons_core_mod] [DEBUG] Using projectiles_mod.instance.public.spawnProjectile
[MOD:weapons_core_mod] [DEBUG] Projectile spawned successfully
[MOD:weapons_core_mod] [DEBUG] Attempting to spawn projectile - type: bullet, pos: 375.81274414063,347.76885986328
[MOD:weapons_core_mod] [DEBUG] spawnProjectile called
[MOD:weapons_core_mod] [DEBUG] projectiles_mod from getMod: table: 0x011b7a8008
[MOD:weapons_core_mod] [DEBUG] Found projectiles_mod.instance
[MOD:weapons_core_mod] [DEBUG] Using projectiles_mod.instance.public.spawnProjectile
[MOD:weapons_core_mod] [DEBUG] Projectile spawned successfully
[MOD:weapons_core_mod] [DEBUG] Attempting to spawn projectile - type: bullet, pos: 375.81274414063,347.76885986328
[MOD:weapons_core_mod] [DEBUG] spawnProjectile called
[MOD:weapons_core_mod] [DEBUG] projectiles_mod from getMod: table: 0x011b7a8008
[MOD:weapons_core_mod] [DEBUG] Found projectiles_mod.instance
[MOD:weapons_core_mod] [DEBUG] Using projectiles_mod.instance.public.spawnProjectile
[MOD:weapons_core_mod] [DEBUG] Projectile spawned successfully
[MOD:weapons_core_mod] [DEBUG] Attempting to spawn projectile - type: bullet, pos: 375.81274414063,347.76885986328
[MOD:weapons_core_mod] [DEBUG] spawnProjectile called
[MOD:weapons_core_mod] [DEBUG] projectiles_mod from getMod: table: 0x011b7a8008
[MOD:weapons_core_mod] [DEBUG] Found projectiles_mod.instance
[MOD:weapons_core_mod] [DEBUG] Using projectiles_mod.instance.public.spawnProjectile
[MOD:weapons_core_mod] [DEBUG] Projectile spawned successfully
[MOD:weapons_core_mod] [DEBUG] Attempting to spawn projectile - type: bullet, pos: 375.81274414063,347.76885986328
[MOD:weapons_core_mod] [DEBUG] spawnProjectile called
[MOD:weapons_core_mod] [DEBUG] projectiles_mod from getMod: table: 0x011b7a8008
[MOD:weapons_core_mod] [DEBUG] Found projectiles_mod.instance
[MOD:weapons_core_mod] [DEBUG] Using projectiles_mod.instance.public.spawnProjectile
[MOD:weapons_core_mod] [DEBUG] Projectile spawned successfully
[MOD:weapons_core_mod] [DEBUG] Attempting to spawn projectile - type: bullet, pos: 375.81274414063,347.76885986328
[MOD:weapons_core_mod] [DEBUG] spawnProjectile called
[MOD:weapons_core_mod] [DEBUG] projectiles_mod from getMod: table: 0x011b7a8008
[MOD:weapons_core_mod] [DEBUG] Found projectiles_mod.instance
[MOD:weapons_core_mod] [DEBUG] Using projectiles_mod.instance.public.spawnProjectile
[MOD:weapons_core_mod] [DEBUG] Projectile spawned successfully
[MOD:player_core_mod]	[PLAYER_CORE_MOD] Direction calc: vx=0.00, vy=1.00, angle=90.0°, dir=down
[MOD:projectiles_mod] Rendering 9 projectiles
[MOD:player_core_mod]	[PLAYER_CORE_MOD] Direction calc: vx=0.00, vy=1.00, angle=90.0°, dir=down
[MOD:projectiles_mod] Rendering 9 projectiles
[MOD:player_core_mod]	[PLAYER_CORE_MOD] Direction calc: vx=0.00, vy=1.00, angle=90.0°, dir=down
[MOD:projectiles_mod] Rendering 9 projectiles
[MOD:player_core_mod]	[PLAYER_CORE_MOD] Direction calc: vx=0.00, vy=1.00, angle=90.0°, dir=down
[MOD:projectiles_mod] Rendering 9 projectiles
[MOD:player_core_mod]	[PLAYER_CORE_MOD] Direction calc: vx=0.00, vy=1.00, angle=90.0°, dir=down
[MOD:projectiles_mod] Rendering 9 projectiles
[MOD:player_core_mod]	[PLAYER_CORE_MOD] Direction calc: vx=0.00, vy=1.00, angle=90.0°, dir=down
[MOD:projectiles_mod] Rendering 9 projectiles
[MOD:player_core_mod]	[PLAYER_CORE_MOD] Direction calc: vx=0.00, vy=1.00, angle=90.0°, dir=down
[MOD:projectiles_mod] Rendering 9 projectiles
[MOD:player_core_mod]	[PLAYER_CORE_MOD] Direction calc: vx=0.00, vy=1.00, angle=90.0°, dir=down
[MOD:projectiles_mod] Rendering 9 projectiles
[MOD:player_core_mod]	[PLAYER_CORE_MOD] Direction calc: vx=0.00, vy=1.00, angle=90.0°, dir=down
[MOD:projectiles_mod] Rendering 9 projectiles
[MOD:weapons_core_mod] [DEBUG] Mouse release handler triggered - button: 1
[MOD:player_core_mod]	[PLAYER_CORE_MOD] State: IDLE, Direction: down
[MOD:projectiles_mod] Rendering 9 projectiles
[MOD:projectiles_mod] Rendering 9 projectiles
[MOD:projectiles_mod] Rendering 9 projectiles
[MOD:projectiles_mod] Rendering 9 projectiles
[MOD:projectiles_mod] Rendering 9 projectiles
[MOD:projectiles_mod] Rendering 9 projectiles
[MOD:projectiles_mod] Rendering 9 projectiles
[MOD:player_core_mod]	[PLAYER_CORE_MOD] State: WALKING, Direction: down
[MOD:player_core_mod]	[PLAYER_CORE_MOD] Direction calc: vx=-1.00, vy=0.00, angle=180.0°, dir=left
[MOD:projectiles_mod] Rendering 9 projectiles
[MOD:player_core_mod]	[PLAYER_CORE_MOD] Direction calc: vx=-1.00, vy=0.00, angle=180.0°, dir=left
[MOD:projectiles_mod] Rendering 9 projectiles
[MOD:player_core_mod]	[PLAYER_CORE_MOD] Direction calc: vx=-1.00, vy=0.00, angle=180.0°, dir=left
[MOD:projectiles_mod] Rendering 9 projectiles
[MOD:player_core_mod]	[PLAYER_CORE_MOD] Direction calc: vx=-1.00, vy=0.00, angle=180.0°, dir=left
[MOD:projectiles_mod] Rendering 9 projectiles
[MOD:player_core_mod]	[PLAYER_CORE_MOD] Direction calc: vx=-1.00, vy=0.00, angle=180.0°, dir=left
[MOD:projectiles_mod] Rendering 9 projectiles
[MOD:player_core_mod]	[PLAYER_CORE_MOD] Direction calc: vx=-1.00, vy=0.00, angle=180.0°, dir=left
[MOD:projectiles_mod] Rendering 9 projectiles
[MOD:player_core_mod]	[PLAYER_CORE_MOD] Direction calc: vx=-1.00, vy=0.00, angle=180.0°, dir=left
[MOD:projectiles_mod] Rendering 9 projectiles
[MOD:player_core_mod]	[PLAYER_CORE_MOD] Direction calc: vx=-1.00, vy=0.00, angle=180.0°, dir=left
[MOD:projectiles_mod] Rendering 9 projectiles
[MOD:player_core_mod]	[PLAYER_CORE_MOD] Direction calc: vx=-1.00, vy=0.00, angle=180.0°, dir=left
[MOD:projectiles_mod] Rendering 9 projectiles
[MOD:player_core_mod]	[PLAYER_CORE_MOD] Direction calc: vx=-1.00, vy=0.00, angle=180.0°, dir=left
[MOD:projectiles_mod] Rendering 9 projectiles
[MOD:player_core_mod]	[PLAYER_CORE_MOD] Direction calc: vx=-1.00, vy=0.00, angle=180.0°, dir=left
[MOD:projectiles_mod] Rendering 9 projectiles
[MOD:player_core_mod]	[PLAYER_CORE_MOD DEBUG] Update call #660
[MOD:player_core_mod]	[PLAYER_CORE_MOD] Direction calc: vx=-1.00, vy=0.00, angle=180.0°, dir=left
[MOD:projectiles_mod] Rendering 9 projectiles
[MOD:player_core_mod]	[PLAYER_CORE_MOD] Direction calc: vx=-1.00, vy=0.00, angle=180.0°, dir=left
[MOD:projectiles_mod] Rendering 9 projectiles
[MOD:player_core_mod]	[PLAYER_CORE_MOD] Direction calc: vx=-1.00, vy=0.00, angle=180.0°, dir=left
[MOD:projectiles_mod] Rendering 9 projectiles
[rendererPlus] World queue size: 13
[MOD:player_core_mod]	[PLAYER_CORE_MOD] Direction calc: vx=-0.71, vy=-0.71, angle=-135.0°, dir=up_left
[MOD:projectiles_mod] Rendering 9 projectiles
[MOD:player_core_mod]	[PLAYER_CORE_MOD] Direction calc: vx=-0.71, vy=-0.71, angle=-135.0°, dir=up_left
[MOD:projectiles_mod] Rendering 9 projectiles
[MOD:player_core_mod]	[PLAYER_CORE_MOD] Direction calc: vx=-0.71, vy=-0.71, angle=-135.0°, dir=up_left
[MOD:projectiles_mod] Rendering 9 projectiles
[MOD:player_core_mod]	[PLAYER_CORE_MOD] Direction calc: vx=-0.71, vy=-0.71, angle=-135.0°, dir=up_left
[MOD:projectiles_mod] Rendering 9 projectiles
[MOD:player_core_mod]	[PLAYER_CORE_MOD] Direction calc: vx=-0.71, vy=-0.71, angle=-135.0°, dir=up_left
[MOD:projectiles_mod] Rendering 9 projectiles
[MOD:player_core_mod]	[PLAYER_CORE_MOD] Direction calc: vx=-0.71, vy=-0.71, angle=-135.0°, dir=up_left
[MOD:projectiles_mod] Rendering 9 projectiles
[MOD:player_core_mod]	[PLAYER_CORE_MOD] Direction calc: vx=-0.71, vy=-0.71, angle=-135.0°, dir=up_left
[MOD:projectiles_mod] Rendering 9 projectiles
[MOD:player_core_mod]	[PLAYER_CORE_MOD] Direction calc: vx=-0.71, vy=-0.71, angle=-135.0°, dir=up_left
[MOD:projectiles_mod] Rendering 9 projectiles
[MOD:player_core_mod]	[PLAYER_CORE_MOD] Direction calc: vx=-0.71, vy=-0.71, angle=-135.0°, dir=up_left
[MOD:projectiles_mod] Rendering 9 projectiles
[MOD:player_core_mod]	[PLAYER_CORE_MOD] Direction calc: vx=-0.71, vy=-0.71, angle=-135.0°, dir=up_left
[MOD:projectiles_mod] Rendering 9 projectiles
[MOD:player_core_mod]	[PLAYER_CORE_MOD] Direction calc: vx=-0.71, vy=-0.71, angle=-135.0°, dir=up_left
[MOD:projectiles_mod] Rendering 9 projectiles
[MOD:player_core_mod]	[PLAYER_CORE_MOD] Direction calc: vx=-0.71, vy=-0.71, angle=-135.0°, dir=up_left
[MOD:projectiles_mod] Rendering 9 projectiles
[MOD:player_core_mod]	[PLAYER_CORE_MOD] Direction calc: vx=-0.71, vy=-0.71, angle=-135.0°, dir=up_left
[MOD:projectiles_mod] Rendering 9 projectiles
[MOD:player_core_mod]	[PLAYER_CORE_MOD] Direction calc: vx=-0.71, vy=-0.71, angle=-135.0°, dir=up_left
[MOD:projectiles_mod] Rendering 9 projectiles
[MOD:player_core_mod]	[PLAYER_CORE_MOD] Direction calc: vx=-0.71, vy=-0.71, angle=-135.0°, dir=up_left
[MOD:projectiles_mod] Rendering 9 projectiles
[MOD:player_core_mod]	[PLAYER_CORE_MOD] Direction calc: vx=-0.71, vy=-0.71, angle=-135.0°, dir=up_left
[MOD:projectiles_mod] Rendering 9 projectiles
[MOD:player_core_mod]	[PLAYER_CORE_MOD] Direction calc: vx=-0.71, vy=-0.71, angle=-135.0°, dir=up_left
[MOD:projectiles_mod] Rendering 9 projectiles
[MOD:player_core_mod]	[PLAYER_CORE_MOD] Direction calc: vx=-0.71, vy=-0.71, angle=-135.0°, dir=up_left
[MOD:projectiles_mod] Rendering 9 projectiles
[MOD:player_core_mod]	[PLAYER_CORE_MOD] Direction calc: vx=-0.71, vy=-0.71, angle=-135.0°, dir=up_left
[MOD:projectiles_mod] Rendering 9 projectiles
[MOD:player_core_mod]	[PLAYER_CORE_MOD] Direction calc: vx=-0.71, vy=-0.71, angle=-135.0°, dir=up_left
[MOD:projectiles_mod] Rendering 9 projectiles
[MOD:player_core_mod]	[PLAYER_CORE_MOD] Direction calc: vx=-0.71, vy=-0.71, angle=-135.0°, dir=up_left
[MOD:projectiles_mod] Rendering 9 projectiles
[MOD:player_core_mod]	[PLAYER_CORE_MOD] Direction calc: vx=-0.71, vy=-0.71, angle=-135.0°, dir=up_left
[MOD:projectiles_mod] Rendering 9 projectiles
[MOD:player_core_mod]	[PLAYER_CORE_MOD] Direction calc: vx=-0.71, vy=-0.71, angle=-135.0°, dir=up_left
[MOD:projectiles_mod] Rendering 9 projectiles
[MOD:player_core_mod]	[PLAYER_CORE_MOD] Direction calc: vx=-0.71, vy=-0.71, angle=-135.0°, dir=up_left
[MOD:projectiles_mod] Rendering 9 projectiles
[MOD:player_core_mod]	[PLAYER_CORE_MOD] Direction calc: vx=-0.71, vy=-0.71, angle=-135.0°, dir=up_left
[MOD:projectiles_mod] Rendering 9 projectiles
[MOD:player_core_mod]	[PLAYER_CORE_MOD] Direction calc: vx=-0.71, vy=-0.71, angle=-135.0°, dir=up_left
[MOD:projectiles_mod] Rendering 9 projectiles
[MOD:player_core_mod]	[PLAYER_CORE_MOD] Direction calc: vx=-0.71, vy=-0.71, angle=-135.0°, dir=up_left
[MOD:projectiles_mod] Rendering 9 projectiles
[MOD:player_core_mod]	[PLAYER_CORE_MOD] Direction calc: vx=-0.71, vy=-0.71, angle=-135.0°, dir=up_left
[MOD:projectiles_mod] Rendering 9 projectiles
[MOD:player_core_mod]	[PLAYER_CORE_MOD] Direction calc: vx=-0.71, vy=-0.71, angle=-135.0°, dir=up_left
[MOD:projectiles_mod] Rendering 9 projectiles
[MOD:player_core_mod]	[PLAYER_CORE_MOD] Direction calc: vx=-0.71, vy=-0.71, angle=-135.0°, dir=up_left
[MOD:projectiles_mod] Rendering 9 projectiles
[MOD:player_core_mod]	[PLAYER_CORE_MOD] Direction calc: vx=-0.71, vy=-0.71, angle=-135.0°, dir=up_left
[MOD:projectiles_mod] Rendering 9 projectiles
[MOD:player_core_mod]	[PLAYER_CORE_MOD] Direction calc: vx=-0.71, vy=-0.71, angle=-135.0°, dir=up_left
[MOD:projectiles_mod] Rendering 9 projectiles
[MOD:player_core_mod]	[PLAYER_CORE_MOD] Direction calc: vx=-0.71, vy=-0.71, angle=-135.0°, dir=up_left
[MOD:projectiles_mod] Rendering 9 projectiles
[MOD:player_core_mod]	[PLAYER_CORE_MOD] Direction calc: vx=-0.71, vy=-0.71, angle=-135.0°, dir=up_left
[MOD:projectiles_mod] Rendering 9 projectiles
[MOD:player_core_mod]	[PLAYER_CORE_MOD] Direction calc: vx=-0.71, vy=-0.71, angle=-135.0°, dir=up_left
[MOD:projectiles_mod] Rendering 9 projectiles
[MOD:player_core_mod]	[PLAYER_CORE_MOD] Direction calc: vx=-0.71, vy=-0.71, angle=-135.0°, dir=up_left
[MOD:projectiles_mod] Rendering 9 projectiles
[MOD:player_core_mod]	[PLAYER_CORE_MOD] Direction calc: vx=-0.71, vy=-0.71, angle=-135.0°, dir=up_left
[MOD:projectiles_mod] Rendering 9 projectiles
[MOD:player_core_mod]	[PLAYER_CORE_MOD] Direction calc: vx=-0.71, vy=-0.71, angle=-135.0°, dir=up_left
[MOD:projectiles_mod] Rendering 9 projectiles
[MOD:player_core_mod]	[PLAYER_CORE_MOD] Direction calc: vx=-0.71, vy=-0.71, angle=-135.0°, dir=up_left
[MOD:projectiles_mod] Rendering 9 projectiles
[MOD:player_core_mod]	[PLAYER_CORE_MOD] Direction calc: vx=-0.71, vy=-0.71, angle=-135.0°, dir=up_left
[MOD:projectiles_mod] Rendering 9 projectiles
[MOD:player_core_mod]	[PLAYER_CORE_MOD] Direction calc: vx=-0.71, vy=-0.71, angle=-135.0°, dir=up_left
[MOD:projectiles_mod] Rendering 9 projectiles
[MOD:player_core_mod]	[PLAYER_CORE_MOD] Direction calc: vx=-0.71, vy=-0.71, angle=-135.0°, dir=up_left
[MOD:projectiles_mod] Rendering 9 projectiles
[MOD:player_core_mod]	[PLAYER_CORE_MOD] Direction calc: vx=-0.71, vy=-0.71, angle=-135.0°, dir=up_left
[MOD:projectiles_mod] Rendering 9 projectiles
[MOD:player_core_mod]	[PLAYER_CORE_MOD] Direction calc: vx=-0.71, vy=-0.71, angle=-135.0°, dir=up_left
[MOD:projectiles_mod] Rendering 9 projectiles
[MOD:player_core_mod]	[PLAYER_CORE_MOD] Direction calc: vx=-0.71, vy=-0.71, angle=-135.0°, dir=up_left
[MOD:projectiles_mod] Rendering 9 projectiles
[MOD:player_core_mod]	[PLAYER_CORE_MOD] Direction calc: vx=-0.71, vy=-0.71, angle=-135.0°, dir=up_left
[MOD:projectiles_mod] Rendering 9 projectiles
[MOD:player_core_mod]	[PLAYER_CORE_MOD] Direction calc: vx=-0.71, vy=-0.71, angle=-135.0°, dir=up_left
[MOD:projectiles_mod] Rendering 9 projectiles
[MOD:player_core_mod]	[PLAYER_CORE_MOD] Direction calc: vx=-0.71, vy=-0.71, angle=-135.0°, dir=up_left
[MOD:projectiles_mod] Rendering 9 projectiles
[MOD:player_core_mod]	[PLAYER_CORE_MOD] Direction calc: vx=-0.71, vy=-0.71, angle=-135.0°, dir=up_left
[MOD:projectiles_mod] Rendering 9 projectiles
[MOD:player_core_mod]	[PLAYER_CORE_MOD] Direction calc: vx=-0.71, vy=-0.71, angle=-135.0°, dir=up_left
[MOD:projectiles_mod] Rendering 9 projectiles
[MOD:player_core_mod]	[PLAYER_CORE_MOD] Direction calc: vx=-0.71, vy=-0.71, angle=-135.0°, dir=up_left
[MOD:projectiles_mod] Rendering 9 projectiles
[MOD:player_core_mod]	[PLAYER_CORE_MOD] Direction calc: vx=-0.71, vy=-0.71, angle=-135.0°, dir=up_left
[MOD:projectiles_mod] Rendering 9 projectiles
[MOD:player_core_mod]	[PLAYER_CORE_MOD] Direction calc: vx=-0.71, vy=-0.71, angle=-135.0°, dir=up_left
[MOD:projectiles_mod] Rendering 9 projectiles
[MOD:player_core_mod]	[PLAYER_CORE_MOD] Direction calc: vx=-0.71, vy=-0.71, angle=-135.0°, dir=up_left
[MOD:projectiles_mod] Rendering 9 projectiles
[MOD:player_core_mod]	[PLAYER_CORE_MOD] Direction calc: vx=-0.71, vy=-0.71, angle=-135.0°, dir=up_left
[MOD:projectiles_mod] Rendering 9 projectiles
[MOD:player_core_mod]	[PLAYER_CORE_MOD] Direction calc: vx=0.00, vy=-1.00, angle=-90.0°, dir=up
[MOD:projectiles_mod] Rendering 9 projectiles
[MOD:player_core_mod]	[PLAYER_CORE_MOD] Direction calc: vx=0.00, vy=-1.00, angle=-90.0°, dir=up
[MOD:projectiles_mod] Rendering 9 projectiles
[MOD:player_core_mod]	[PLAYER_CORE_MOD DEBUG] Update call #720
[MOD:player_core_mod]	[PLAYER_CORE_MOD] Direction calc: vx=0.00, vy=-1.00, angle=-90.0°, dir=up
[MOD:projectiles_mod] Rendering 9 projectiles
[MOD:player_core_mod]	[PLAYER_CORE_MOD] Direction calc: vx=0.00, vy=-1.00, angle=-90.0°, dir=up
[MOD:projectiles_mod] Rendering 9 projectiles
[MOD:player_core_mod]	[PLAYER_CORE_MOD] Direction calc: vx=0.00, vy=-1.00, angle=-90.0°, dir=up
[MOD:projectiles_mod] Rendering 9 projectiles
[MOD:player_core_mod]	[PLAYER_CORE_MOD] Direction calc: vx=0.00, vy=-1.00, angle=-90.0°, dir=up
[MOD:projectiles_mod] Rendering 9 projectiles
[rendererPlus] GC collected: 3679.55 KB
[MOD:player_core_mod]	[PLAYER_CORE_MOD] Direction calc: vx=0.00, vy=-1.00, angle=-90.0°, dir=up
[MOD:projectiles_mod] Rendering 9 projectiles
[MOD:player_core_mod]	[PLAYER_CORE_MOD] Player collision detected
[MOD:player_core_mod]	[PLAYER_CORE_MOD] Player collision detected
[MOD:player_core_mod]	[PLAYER_CORE_MOD] Direction calc: vx=0.00, vy=-1.00, angle=-90.0°, dir=up
[MOD:projectiles_mod] Rendering 9 projectiles
[MOD:player_core_mod]	[PLAYER_CORE_MOD] Direction calc: vx=0.00, vy=-1.00, angle=-90.0°, dir=up
[MOD:projectiles_mod] Rendering 9 projectiles
[MOD:player_core_mod]	[PLAYER_CORE_MOD] Direction calc: vx=0.00, vy=-1.00, angle=-90.0°, dir=up
[MOD:projectiles_mod] Rendering 9 projectiles
[MOD:player_core_mod]	[PLAYER_CORE_MOD] Direction calc: vx=0.00, vy=-1.00, angle=-90.0°, dir=up
[MOD:projectiles_mod] Rendering 9 projectiles
[MOD:player_core_mod]	[PLAYER_CORE_MOD] Direction calc: vx=0.00, vy=-1.00, angle=-90.0°, dir=up
[MOD:projectiles_mod] Rendering 9 projectiles
[MOD:player_core_mod]	[PLAYER_CORE_MOD] Direction calc: vx=0.00, vy=-1.00, angle=-90.0°, dir=up
[MOD:projectiles_mod] Rendering 9 projectiles
[MOD:player_core_mod]	[PLAYER_CORE_MOD] Direction calc: vx=0.00, vy=-1.00, angle=-90.0°, dir=up
[MOD:projectiles_mod] Rendering 9 projectiles
[MOD:player_core_mod]	[PLAYER_CORE_MOD] Direction calc: vx=0.00, vy=-1.00, angle=-90.0°, dir=up
[MOD:projectiles_mod] Rendering 9 projectiles
[MOD:player_core_mod]	[PLAYER_CORE_MOD] Direction calc: vx=0.00, vy=-1.00, angle=-90.0°, dir=up
[MOD:projectiles_mod] Rendering 9 projectiles
[MOD:player_core_mod]	[PLAYER_CORE_MOD] Direction calc: vx=0.00, vy=-1.00, angle=-90.0°, dir=up
[MOD:projectiles_mod] Rendering 9 projectiles
[MOD:player_core_mod]	[PLAYER_CORE_MOD] Direction calc: vx=0.00, vy=-1.00, angle=-90.0°, dir=up
[MOD:projectiles_mod] Rendering 9 projectiles
[rendererPlus] World queue size: 14
[MOD:player_core_mod]	[PLAYER_CORE_MOD] Direction calc: vx=0.00, vy=-1.00, angle=-90.0°, dir=up
[MOD:projectiles_mod] Rendering 9 projectiles
[MOD:player_core_mod]	[PLAYER_CORE_MOD] Direction calc: vx=0.00, vy=-1.00, angle=-90.0°, dir=up
[MOD:projectiles_mod] Rendering 9 projectiles
[MOD:player_core_mod]	[PLAYER_CORE_MOD] Direction calc: vx=0.00, vy=-1.00, angle=-90.0°, dir=up
[MOD:projectiles_mod] Rendering 9 projectiles
[MOD:player_core_mod]	[PLAYER_CORE_MOD] Direction calc: vx=0.00, vy=-1.00, angle=-90.0°, dir=up
[MOD:projectiles_mod] Rendering 9 projectiles
[MOD:player_core_mod]	[PLAYER_CORE_MOD] Direction calc: vx=0.00, vy=-1.00, angle=-90.0°, dir=up
[MOD:projectiles_mod] Rendering 9 projectiles
[MOD:player_core_mod]	[PLAYER_CORE_MOD] Direction calc: vx=0.00, vy=-1.00, angle=-90.0°, dir=up
[MOD:projectiles_mod] Rendering 9 projectiles
[MOD:player_core_mod]	[PLAYER_CORE_MOD] Direction calc: vx=0.00, vy=-1.00, angle=-90.0°, dir=up
[MOD:projectiles_mod] Rendering 9 projectiles
[MOD:player_core_mod]	[PLAYER_CORE_MOD] Direction calc: vx=0.00, vy=-1.00, angle=-90.0°, dir=up
[MOD:projectiles_mod] Rendering 9 projectiles
[MOD:player_core_mod]	[PLAYER_CORE_MOD] Direction calc: vx=0.00, vy=-1.00, angle=-90.0°, dir=up
[MOD:projectiles_mod] Rendering 9 projectiles
[MOD:player_core_mod]	[PLAYER_CORE_MOD] Direction calc: vx=0.00, vy=-1.00, angle=-90.0°, dir=up
[MOD:projectiles_mod] Rendering 9 projectiles
[MOD:player_core_mod]	[PLAYER_CORE_MOD] Direction calc: vx=0.00, vy=-1.00, angle=-90.0°, dir=up
[MOD:projectiles_mod] Rendering 9 projectiles
[MOD:player_core_mod]	[PLAYER_CORE_MOD] Direction calc: vx=0.00, vy=-1.00, angle=-90.0°, dir=up
[MOD:projectiles_mod] Rendering 9 projectiles
[MOD:player_core_mod]	[PLAYER_CORE_MOD] Direction calc: vx=0.00, vy=-1.00, angle=-90.0°, dir=up
[MOD:projectiles_mod] Rendering 9 projectiles
[MOD:player_core_mod]	[PLAYER_CORE_MOD] Direction calc: vx=0.00, vy=-1.00, angle=-90.0°, dir=up
[MOD:projectiles_mod] Rendering 9 projectiles
[MOD:player_core_mod]	[PLAYER_CORE_MOD] Direction calc: vx=0.00, vy=-1.00, angle=-90.0°, dir=up
[MOD:projectiles_mod] Rendering 9 projectiles
[MOD:player_core_mod]	[PLAYER_CORE_MOD] Direction calc: vx=0.00, vy=-1.00, angle=-90.0°, dir=up
[MOD:projectiles_mod] Rendering 9 projectiles
[MOD:player_core_mod]	[PLAYER_CORE_MOD] Direction calc: vx=0.00, vy=-1.00, angle=-90.0°, dir=up
[MOD:projectiles_mod] Rendering 9 projectiles
[MOD:player_core_mod]	[PLAYER_CORE_MOD] Direction calc: vx=0.00, vy=-1.00, angle=-90.0°, dir=up
[MOD:projectiles_mod] Rendering 9 projectiles
[MOD:player_core_mod]	[PLAYER_CORE_MOD] Direction calc: vx=0.00, vy=-1.00, angle=-90.0°, dir=up
[MOD:projectiles_mod] Rendering 9 projectiles
[MOD:player_core_mod]	[PLAYER_CORE_MOD] Direction calc: vx=0.00, vy=-1.00, angle=-90.0°, dir=up
[MOD:projectiles_mod] Rendering 9 projectiles
[MOD:player_core_mod]	[PLAYER_CORE_MOD] Direction calc: vx=0.00, vy=-1.00, angle=-90.0°, dir=up
[MOD:projectiles_mod] Rendering 9 projectiles
[MOD:player_core_mod]	[PLAYER_CORE_MOD] Direction calc: vx=0.00, vy=-1.00, angle=-90.0°, dir=up
[MOD:projectiles_mod] Rendering 9 projectiles
[MOD:player_core_mod]	[PLAYER_CORE_MOD] Direction calc: vx=0.00, vy=-1.00, angle=-90.0°, dir=up
[MOD:projectiles_mod] Rendering 9 projectiles
[MOD:player_core_mod]	[PLAYER_CORE_MOD] Direction calc: vx=0.00, vy=-1.00, angle=-90.0°, dir=up
[MOD:projectiles_mod] Rendering 9 projectiles
[MOD:player_core_mod]	[PLAYER_CORE_MOD] Direction calc: vx=0.00, vy=-1.00, angle=-90.0°, dir=up
[MOD:projectiles_mod] Rendering 9 projectiles
[MOD:player_core_mod]	[PLAYER_CORE_MOD] Direction calc: vx=0.00, vy=-1.00, angle=-90.0°, dir=up
[MOD:projectiles_mod] Rendering 9 projectiles
[MOD:player_core_mod]	[PLAYER_CORE_MOD] Direction calc: vx=0.00, vy=-1.00, angle=-90.0°, dir=up
[MOD:projectiles_mod] Rendering 9 projectiles
[MOD:player_core_mod]	[PLAYER_CORE_MOD] Direction calc: vx=0.00, vy=-1.00, angle=-90.0°, dir=up
[MOD:projectiles_mod] Rendering 9 projectiles
[MOD:player_core_mod]	[PLAYER_CORE_MOD] Direction calc: vx=0.00, vy=-1.00, angle=-90.0°, dir=up
[MOD:projectiles_mod] Rendering 9 projectiles
[MOD:player_core_mod]	[PLAYER_CORE_MOD] Direction calc: vx=0.00, vy=-1.00, angle=-90.0°, dir=up
[MOD:projectiles_mod] Rendering 9 projectiles
[MOD:player_core_mod]	[PLAYER_CORE_MOD] Direction calc: vx=0.00, vy=-1.00, angle=-90.0°, dir=up
[MOD:projectiles_mod] Rendering 9 projectiles
[MOD:player_core_mod]	[PLAYER_CORE_MOD] Direction calc: vx=0.00, vy=-1.00, angle=-90.0°, dir=up
[MOD:projectiles_mod] Rendering 9 projectiles
[MOD:player_core_mod]	[PLAYER_CORE_MOD] Direction calc: vx=0.00, vy=-1.00, angle=-90.0°, dir=up
[MOD:projectiles_mod] Rendering 9 projectiles
[MOD:player_core_mod]	[PLAYER_CORE_MOD] Direction calc: vx=0.00, vy=-1.00, angle=-90.0°, dir=up
[MOD:projectiles_mod] Rendering 9 projectiles
[MOD:player_core_mod]	[PLAYER_CORE_MOD] Direction calc: vx=0.00, vy=-1.00, angle=-90.0°, dir=up
[MOD:projectiles_mod] Rendering 9 projectiles
[MOD:player_core_mod]	[PLAYER_CORE_MOD] Direction calc: vx=0.00, vy=-1.00, angle=-90.0°, dir=up
[MOD:projectiles_mod] Rendering 9 projectiles
[MOD:player_core_mod]	[PLAYER_CORE_MOD] Direction calc: vx=0.00, vy=-1.00, angle=-90.0°, dir=up
[MOD:projectiles_mod] Rendering 9 projectiles
[MOD:player_core_mod]	[PLAYER_CORE_MOD] Direction calc: vx=0.00, vy=-1.00, angle=-90.0°, dir=up
[MOD:projectiles_mod] Rendering 9 projectiles
[MOD:player_core_mod]	[PLAYER_CORE_MOD] Direction calc: vx=0.00, vy=-1.00, angle=-90.0°, dir=up
[MOD:projectiles_mod] Rendering 9 projectiles
[MOD:player_core_mod]	[PLAYER_CORE_MOD] Direction calc: vx=0.00, vy=-1.00, angle=-90.0°, dir=up
[MOD:projectiles_mod] Rendering 9 projectiles
[MOD:player_core_mod]	[PLAYER_CORE_MOD] Direction calc: vx=0.00, vy=-1.00, angle=-90.0°, dir=up
[MOD:projectiles_mod] Rendering 9 projectiles
[MOD:player_core_mod]	[PLAYER_CORE_MOD] Direction calc: vx=0.00, vy=-1.00, angle=-90.0°, dir=up
[MOD:projectiles_mod] Rendering 9 projectiles
[MOD:player_core_mod]	[PLAYER_CORE_MOD] Direction calc: vx=0.00, vy=-1.00, angle=-90.0°, dir=up
[MOD:projectiles_mod] Rendering 9 projectiles
[MOD:player_core_mod]	[PLAYER_CORE_MOD] Direction calc: vx=0.00, vy=-1.00, angle=-90.0°, dir=up
[MOD:projectiles_mod] Rendering 9 projectiles
[MOD:player_core_mod]	[PLAYER_CORE_MOD DEBUG] Update call #780
[MOD:player_core_mod]	[PLAYER_CORE_MOD] Direction calc: vx=0.00, vy=-1.00, angle=-90.0°, dir=up
[MOD:projectiles_mod] Rendering 9 projectiles
[MOD:player_core_mod]	[PLAYER_CORE_MOD] Direction calc: vx=0.00, vy=-1.00, angle=-90.0°, dir=up
[MOD:projectiles_mod] Rendering 9 projectiles
[MOD:player_core_mod]	[PLAYER_CORE_MOD] Direction calc: vx=0.00, vy=-1.00, angle=-90.0°, dir=up
[MOD:projectiles_mod] Rendering 9 projectiles
[MOD:player_core_mod]	[PLAYER_CORE_MOD] Direction calc: vx=0.00, vy=-1.00, angle=-90.0°, dir=up
[MOD:projectiles_mod] Rendering 9 projectiles
[MOD:player_core_mod]	[PLAYER_CORE_MOD] Direction calc: vx=0.00, vy=-1.00, angle=-90.0°, dir=up
[MOD:projectiles_mod] Rendering 9 projectiles
[MOD:player_core_mod]	[PLAYER_CORE_MOD] Direction calc: vx=0.00, vy=-1.00, angle=-90.0°, dir=up
[MOD:projectiles_mod] Rendering 9 projectiles
[MOD:player_core_mod]	[PLAYER_CORE_MOD] Direction calc: vx=0.00, vy=-1.00, angle=-90.0°, dir=up
[MOD:projectiles_mod] Rendering 9 projectiles
[MOD:player_core_mod]	[PLAYER_CORE_MOD] Direction calc: vx=0.00, vy=-1.00, angle=-90.0°, dir=up
[MOD:projectiles_mod] Rendering 9 projectiles
[MOD:player_core_mod]	[PLAYER_CORE_MOD] Direction calc: vx=0.00, vy=-1.00, angle=-90.0°, dir=up
[MOD:projectiles_mod] Rendering 9 projectiles
[MOD:player_core_mod]	[PLAYER_CORE_MOD] Direction calc: vx=0.00, vy=-1.00, angle=-90.0°, dir=up
[MOD:projectiles_mod] Rendering 9 projectiles
[MOD:player_core_mod]	[PLAYER_CORE_MOD] Direction calc: vx=0.00, vy=-1.00, angle=-90.0°, dir=up
[MOD:projectiles_mod] Rendering 9 projectiles
[MOD:player_core_mod]	[PLAYER_CORE_MOD] Direction calc: vx=0.00, vy=-1.00, angle=-90.0°, dir=up
[MOD:projectiles_mod] Rendering 9 projectiles
[MOD:player_core_mod]	[PLAYER_CORE_MOD] Direction calc: vx=0.00, vy=-1.00, angle=-90.0°, dir=up
[MOD:projectiles_mod] Rendering 9 projectiles
[MOD:player_core_mod]	[PLAYER_CORE_MOD] Direction calc: vx=0.00, vy=-1.00, angle=-90.0°, dir=up
[MOD:projectiles_mod] Rendering 9 projectiles
[MOD:player_core_mod]	[PLAYER_CORE_MOD] Direction calc: vx=0.00, vy=-1.00, angle=-90.0°, dir=up
[MOD:projectiles_mod] Rendering 9 projectiles
[MOD:player_core_mod]	[PLAYER_CORE_MOD] Direction calc: vx=0.00, vy=-1.00, angle=-90.0°, dir=up
[MOD:projectiles_mod] Rendering 9 projectiles
[MOD:player_core_mod]	[PLAYER_CORE_MOD] Direction calc: vx=0.00, vy=-1.00, angle=-90.0°, dir=up
[MOD:projectiles_mod] Rendering 9 projectiles
[MOD:player_core_mod]	[PLAYER_CORE_MOD] Direction calc: vx=0.00, vy=-1.00, angle=-90.0°, dir=up
[MOD:projectiles_mod] Rendering 9 projectiles
[MOD:player_core_mod]	[PLAYER_CORE_MOD] Direction calc: vx=0.00, vy=-1.00, angle=-90.0°, dir=up
[MOD:projectiles_mod] Rendering 9 projectiles
[MOD:player_core_mod]	[PLAYER_CORE_MOD] Direction calc: vx=0.00, vy=-1.00, angle=-90.0°, dir=up
[MOD:projectiles_mod] Rendering 9 projectiles
[MOD:player_core_mod]	[PLAYER_CORE_MOD] Direction calc: vx=0.00, vy=-1.00, angle=-90.0°, dir=up
[MOD:projectiles_mod] Rendering 9 projectiles
[MOD:player_core_mod]	[PLAYER_CORE_MOD] Direction calc: vx=0.00, vy=-1.00, angle=-90.0°, dir=up
[MOD:projectiles_mod] Rendering 9 projectiles
[MOD:player_core_mod]	[PLAYER_CORE_MOD] Direction calc: vx=0.00, vy=-1.00, angle=-90.0°, dir=up
[MOD:projectiles_mod] Rendering 9 projectiles
[MOD:player_core_mod]	[PLAYER_CORE_MOD] Direction calc: vx=0.00, vy=-1.00, angle=-90.0°, dir=up
[MOD:projectiles_mod] Rendering 9 projectiles
[MOD:player_core_mod]	[PLAYER_CORE_MOD] Direction calc: vx=0.00, vy=-1.00, angle=-90.0°, dir=up
[MOD:projectiles_mod] Rendering 9 projectiles
[MOD:player_core_mod]	[PLAYER_CORE_MOD] Direction calc: vx=0.00, vy=-1.00, angle=-90.0°, dir=up
[MOD:projectiles_mod] Rendering 9 projectiles
[MOD:player_core_mod]	[PLAYER_CORE_MOD] Direction calc: vx=0.00, vy=-1.00, angle=-90.0°, dir=up
[MOD:projectiles_mod] Rendering 9 projectiles
[MOD:player_core_mod]	[PLAYER_CORE_MOD] Direction calc: vx=0.00, vy=-1.00, angle=-90.0°, dir=up
[MOD:projectiles_mod] Rendering 9 projectiles
[MOD:player_core_mod]	[PLAYER_CORE_MOD] Direction calc: vx=0.00, vy=-1.00, angle=-90.0°, dir=up
[MOD:projectiles_mod] Rendering 9 projectiles
[MOD:player_core_mod]	[PLAYER_CORE_MOD] Direction calc: vx=0.00, vy=-1.00, angle=-90.0°, dir=up
[MOD:projectiles_mod] Rendering 9 projectiles
[MOD:player_core_mod]	[PLAYER_CORE_MOD] Direction calc: vx=0.00, vy=-1.00, angle=-90.0°, dir=up
[MOD:projectiles_mod] Rendering 9 projectiles
[MOD:player_core_mod]	[PLAYER_CORE_MOD] Direction calc: vx=0.00, vy=-1.00, angle=-90.0°, dir=up
[MOD:projectiles_mod] Rendering 9 projectiles
[MOD:player_core_mod]	[PLAYER_CORE_MOD] Direction calc: vx=0.00, vy=-1.00, angle=-90.0°, dir=up
[MOD:projectiles_mod] Rendering 9 projectiles
[MOD:player_core_mod]	[PLAYER_CORE_MOD] Direction calc: vx=0.00, vy=-1.00, angle=-90.0°, dir=up
[MOD:projectiles_mod] Rendering 9 projectiles
[MOD:player_core_mod]	[PLAYER_CORE_MOD] Direction calc: vx=0.00, vy=-1.00, angle=-90.0°, dir=up
[MOD:projectiles_mod] Rendering 9 projectiles
[MOD:player_core_mod]	[PLAYER_CORE_MOD] Direction calc: vx=0.00, vy=-1.00, angle=-90.0°, dir=up
[MOD:projectiles_mod] Rendering 9 projectiles
[MOD:player_core_mod]	[PLAYER_CORE_MOD] Direction calc: vx=0.00, vy=-1.00, angle=-90.0°, dir=up
[MOD:projectiles_mod] Rendering 9 projectiles
[MOD:player_core_mod]	[PLAYER_CORE_MOD] Direction calc: vx=0.00, vy=-1.00, angle=-90.0°, dir=up
[MOD:projectiles_mod] Rendering 9 projectiles
[MOD:player_core_mod]	[PLAYER_CORE_MOD] Direction calc: vx=0.00, vy=-1.00, angle=-90.0°, dir=up
[MOD:projectiles_mod] Rendering 9 projectiles
[MOD:player_core_mod]	[PLAYER_CORE_MOD] Direction calc: vx=0.00, vy=-1.00, angle=-90.0°, dir=up
[MOD:projectiles_mod] Rendering 9 projectiles
[MOD:player_core_mod]	[PLAYER_CORE_MOD] Direction calc: vx=0.00, vy=-1.00, angle=-90.0°, dir=up
[MOD:projectiles_mod] Rendering 9 projectiles
[MOD:player_core_mod]	[PLAYER_CORE_MOD] Direction calc: vx=0.00, vy=-1.00, angle=-90.0°, dir=up
[MOD:projectiles_mod] Rendering 9 projectiles
[MOD:player_core_mod]	[PLAYER_CORE_MOD] Direction calc: vx=0.00, vy=-1.00, angle=-90.0°, dir=up
[MOD:projectiles_mod] Rendering 9 projectiles
[MOD:player_core_mod]	[PLAYER_CORE_MOD] Direction calc: vx=0.00, vy=-1.00, angle=-90.0°, dir=up
[MOD:projectiles_mod] Rendering 9 projectiles
[MOD:player_core_mod]	[PLAYER_CORE_MOD] Direction calc: vx=0.00, vy=-1.00, angle=-90.0°, dir=up
[MOD:projectiles_mod] Rendering 9 projectiles
[MOD:player_core_mod]	[PLAYER_CORE_MOD] Direction calc: vx=0.00, vy=-1.00, angle=-90.0°, dir=up
[MOD:projectiles_mod] Rendering 9 projectiles
[MOD:player_core_mod]	[PLAYER_CORE_MOD] Direction calc: vx=0.00, vy=-1.00, angle=-90.0°, dir=up
[MOD:projectiles_mod] Rendering 9 projectiles
[MOD:player_core_mod]	[PLAYER_CORE_MOD] Direction calc: vx=0.00, vy=-1.00, angle=-90.0°, dir=up
[MOD:projectiles_mod] Rendering 9 projectiles
[MOD:player_core_mod]	[PLAYER_CORE_MOD] Direction calc: vx=0.00, vy=-1.00, angle=-90.0°, dir=up
[MOD:projectiles_mod] Rendering 9 projectiles
[MOD:player_core_mod]	[PLAYER_CORE_MOD] Direction calc: vx=0.00, vy=-1.00, angle=-90.0°, dir=up
[MOD:projectiles_mod] Rendering 9 projectiles
[MOD:player_core_mod]	[PLAYER_CORE_MOD] Direction calc: vx=0.00, vy=-1.00, angle=-90.0°, dir=up
[MOD:projectiles_mod] Rendering 9 projectiles
[MOD:player_core_mod]	[PLAYER_CORE_MOD] Direction calc: vx=0.00, vy=-1.00, angle=-90.0°, dir=up
[MOD:projectiles_mod] Rendering 9 projectiles
[MOD:player_core_mod]	[PLAYER_CORE_MOD] Direction calc: vx=0.00, vy=-1.00, angle=-90.0°, dir=up
[MOD:projectiles_mod] Rendering 9 projectiles
[MOD:player_core_mod]	[PLAYER_CORE_MOD] Direction calc: vx=0.00, vy=-1.00, angle=-90.0°, dir=up
[MOD:projectiles_mod] Rendering 9 projectiles
[MOD:player_core_mod]	[PLAYER_CORE_MOD] Direction calc: vx=0.00, vy=-1.00, angle=-90.0°, dir=up
[MOD:projectiles_mod] Rendering 9 projectiles
[MOD:player_core_mod]	[PLAYER_CORE_MOD] Direction calc: vx=0.00, vy=-1.00, angle=-90.0°, dir=up
[MOD:projectiles_mod] Rendering 9 projectiles
[MOD:player_core_mod]	[PLAYER_CORE_MOD] Direction calc: vx=0.00, vy=-1.00, angle=-90.0°, dir=up
[MOD:projectiles_mod] Rendering 9 projectiles
[MOD:player_core_mod]	[PLAYER_CORE_MOD] Direction calc: vx=0.00, vy=-1.00, angle=-90.0°, dir=up
[MOD:projectiles_mod] Rendering 9 projectiles
[MOD:player_core_mod]	[PLAYER_CORE_MOD] Direction calc: vx=0.00, vy=-1.00, angle=-90.0°, dir=up
[MOD:projectiles_mod] Rendering 9 projectiles
[MOD:player_core_mod]	[PLAYER_CORE_MOD] Direction calc: vx=0.00, vy=-1.00, angle=-90.0°, dir=up
[MOD:projectiles_mod] Rendering 9 projectiles
[MOD:player_core_mod]	[PLAYER_CORE_MOD DEBUG] Update call #840
[MOD:player_core_mod]	[PLAYER_CORE_MOD] Direction calc: vx=0.00, vy=-1.00, angle=-90.0°, dir=up
[MOD:projectiles_mod] Rendering 9 projectiles
[MOD:player_core_mod]	[PLAYER_CORE_MOD] Direction calc: vx=0.00, vy=-1.00, angle=-90.0°, dir=up
[MOD:projectiles_mod] Rendering 9 projectiles
[MOD:player_core_mod]	[PLAYER_CORE_MOD] Direction calc: vx=0.00, vy=-1.00, angle=-90.0°, dir=up
[MOD:projectiles_mod] Rendering 9 projectiles
[rendererPlus] GC collected: 1635.72 KB
[MOD:player_core_mod]	[PLAYER_CORE_MOD] Direction calc: vx=0.00, vy=-1.00, angle=-90.0°, dir=up
[MOD:projectiles_mod] Rendering 9 projectiles
[MOD:player_core_mod]	[PLAYER_CORE_MOD] Direction calc: vx=0.00, vy=-1.00, angle=-90.0°, dir=up
[MOD:projectiles_mod] Rendering 9 projectiles
[MOD:player_core_mod]	[PLAYER_CORE_MOD] Direction calc: vx=0.00, vy=-1.00, angle=-90.0°, dir=up
[MOD:projectiles_mod] Rendering 9 projectiles
[MOD:player_core_mod]	[PLAYER_CORE_MOD] Direction calc: vx=0.00, vy=-1.00, angle=-90.0°, dir=up
[MOD:projectiles_mod] Rendering 9 projectiles
[MOD:player_core_mod]	[PLAYER_CORE_MOD] Direction calc: vx=0.00, vy=-1.00, angle=-90.0°, dir=up
[MOD:projectiles_mod] Rendering 9 projectiles
[MOD:player_core_mod]	[PLAYER_CORE_MOD] Direction calc: vx=0.00, vy=-1.00, angle=-90.0°, dir=up
[MOD:projectiles_mod] Rendering 9 projectiles
[MOD:player_core_mod]	[PLAYER_CORE_MOD] Direction calc: vx=0.00, vy=-1.00, angle=-90.0°, dir=up
[MOD:projectiles_mod] Rendering 9 projectiles
[MOD:player_core_mod]	[PLAYER_CORE_MOD] Direction calc: vx=0.00, vy=-1.00, angle=-90.0°, dir=up
[MOD:projectiles_mod] Rendering 9 projectiles
[MOD:player_core_mod]	[PLAYER_CORE_MOD] Direction calc: vx=0.00, vy=-1.00, angle=-90.0°, dir=up
[MOD:projectiles_mod] Rendering 9 projectiles
[MOD:player_core_mod]	[PLAYER_CORE_MOD] Direction calc: vx=0.00, vy=-1.00, angle=-90.0°, dir=up
[MOD:projectiles_mod] Rendering 9 projectiles
[MOD:player_core_mod]	[PLAYER_CORE_MOD] Direction calc: vx=0.00, vy=-1.00, angle=-90.0°, dir=up
[MOD:projectiles_mod] Rendering 9 projectiles
[MOD:player_core_mod]	[PLAYER_CORE_MOD] Direction calc: vx=0.00, vy=-1.00, angle=-90.0°, dir=up
[MOD:projectiles_mod] Rendering 9 projectiles
[MOD:player_core_mod]	[PLAYER_CORE_MOD] Direction calc: vx=0.00, vy=-1.00, angle=-90.0°, dir=up
[MOD:projectiles_mod] Rendering 9 projectiles
[MOD:player_core_mod]	[PLAYER_CORE_MOD] Direction calc: vx=0.00, vy=-1.00, angle=-90.0°, dir=up
[MOD:projectiles_mod] Rendering 9 projectiles
[MOD:player_core_mod]	[PLAYER_CORE_MOD] Direction calc: vx=0.00, vy=-1.00, angle=-90.0°, dir=up
[MOD:projectiles_mod] Rendering 9 projectiles
[MOD:player_core_mod]	[PLAYER_CORE_MOD] Direction calc: vx=0.00, vy=-1.00, angle=-90.0°, dir=up
[MOD:projectiles_mod] Rendering 9 projectiles
[MOD:player_core_mod]	[PLAYER_CORE_MOD] Direction calc: vx=0.00, vy=-1.00, angle=-90.0°, dir=up
[MOD:projectiles_mod] Rendering 9 projectiles
[MOD:player_core_mod]	[PLAYER_CORE_MOD] Direction calc: vx=0.00, vy=-1.00, angle=-90.0°, dir=up
[MOD:projectiles_mod] Rendering 9 projectiles
[MOD:player_core_mod]	[PLAYER_CORE_MOD] Direction calc: vx=0.00, vy=-1.00, angle=-90.0°, dir=up
[MOD:projectiles_mod] Rendering 9 projectiles
[MOD:player_core_mod]	[PLAYER_CORE_MOD] Direction calc: vx=0.00, vy=-1.00, angle=-90.0°, dir=up
[MOD:projectiles_mod] Rendering 9 projectiles
[MOD:player_core_mod]	[PLAYER_CORE_MOD] Direction calc: vx=0.71, vy=-0.71, angle=-45.0°, dir=up_right
[MOD:projectiles_mod] Rendering 9 projectiles
[MOD:projectiles_mod] Rendering 9 projectiles
[rendererPlus] Debug placeholder: Missing texture 'nil'
[MOD:projectiles_mod] Rendering 9 projectiles
[rendererPlus] Debug placeholder: Missing texture 'nil'
[MOD:projectiles_mod] Rendering 9 projectiles
[rendererPlus] Debug placeholder: Missing texture 'nil'
[MOD:projectiles_mod] Rendering 9 projectiles
[rendererPlus] Debug placeholder: Missing texture 'nil'
[MOD:projectiles_mod] Rendering 9 projectiles
[rendererPlus] Debug placeholder: Missing texture 'nil'
[MOD:projectiles_mod] Rendering 1 projectiles
[rendererPlus] Debug placeholder: Missing texture 'nil'
[MOD:projectiles_mod] Rendering 1 projectiles
[rendererPlus] Debug placeholder: Missing texture 'nil'
[MOD:projectiles_mod] Rendering 1 projectiles
[rendererPlus] Debug placeholder: Missing texture 'nil'
[MOD:projectiles_mod] Rendering 1 projectiles
[rendererPlus] Debug placeholder: Missing texture 'nil'
[MOD:projectiles_mod] Rendering 1 projectiles
[rendererPlus] Debug placeholder: Missing texture 'nil'
[MOD:projectiles_mod] Rendering 1 projectiles
[rendererPlus] Debug placeholder: Missing texture 'nil'
[MOD:projectiles_mod] Rendering 1 projectiles
[rendererPlus] Debug placeholder: Missing texture 'nil'
[MOD:projectiles_mod] Rendering 1 projectiles
[rendererPlus] Debug placeholder: Missing texture 'nil'
[MOD:projectiles_mod] Rendering 1 projectiles
[rendererPlus] Debug placeholder: Missing texture 'nil'
[MOD:projectiles_mod] Rendering 1 projectiles
[rendererPlus] Debug placeholder: Missing texture 'nil'
[MOD:projectiles_mod] Rendering 1 projectiles
[rendererPlus] Debug placeholder: Missing texture 'nil'
[MOD:projectiles_mod] Rendering 1 projectiles
[rendererPlus] Debug placeholder: Missing texture 'nil'
[MOD:projectiles_mod] Rendering 1 projectiles
[rendererPlus] Debug placeholder: Missing texture 'nil'
[MOD:projectiles_mod] Rendering 1 projectiles
[rendererPlus] Debug placeholder: Missing texture 'nil'
[MOD:projectiles_mod] Rendering 1 projectiles
[rendererPlus] Debug placeholder: Missing texture 'nil'
[MOD:projectiles_mod] Rendering 1 projectiles
[rendererPlus] Debug placeholder: Missing texture 'nil'
[MOD:projectiles_mod] Rendering 1 projectiles
[rendererPlus] Debug placeholder: Missing texture 'nil'
[MOD:projectiles_mod] Rendering 1 projectiles
[rendererPlus] Debug placeholder: Missing texture 'nil'
[MOD:projectiles_mod] Rendering 1 projectiles
[rendererPlus] Debug placeholder: Missing texture 'nil'
[MOD:projectiles_mod] Rendering 1 projectiles
[rendererPlus] Debug placeholder: Missing texture 'nil'
[MOD:projectiles_mod] Rendering 1 projectiles
[rendererPlus] Debug placeholder: Missing texture 'nil'
[MOD:projectiles_mod] Rendering 1 projectiles
[rendererPlus] Debug placeholder: Missing texture 'nil'
[MOD:projectiles_mod] Rendering 1 projectiles
[rendererPlus] Debug placeholder: Missing texture 'nil'
[MOD:projectiles_mod] Rendering 1 projectiles
[rendererPlus] Debug placeholder: Missing texture 'nil'
[MOD:projectiles_mod] Rendering 1 projectiles
[rendererPlus] Debug placeholder: Missing texture 'nil'
[MOD:projectiles_mod] Rendering 1 projectiles
[rendererPlus] Debug placeholder: Missing texture 'nil'
[MOD:projectiles_mod] Rendering 1 projectiles
[rendererPlus] Debug placeholder: Missing texture 'nil'
[MOD:projectiles_mod] Rendering 1 projectiles
[rendererPlus] Debug placeholder: Missing texture 'nil'
[MOD:projectiles_mod] Rendering 1 projectiles
[rendererPlus] Debug placeholder: Missing texture 'nil'
[MOD:projectiles_mod] Rendering 1 projectiles
[rendererPlus] Debug placeholder: Missing texture 'nil'
[MOD:projectiles_mod] Rendering 1 projectiles
[rendererPlus] Debug placeholder: Missing texture 'nil'
[MOD:player_core_mod]	[PLAYER_CORE_MOD DEBUG] Update call #900
[MOD:projectiles_mod] Rendering 1 projectiles
[rendererPlus] Debug placeholder: Missing texture 'nil'
[MOD:player_core_mod]	[PLAYER_CORE_MOD] State: WALKING, Direction: up_right
[MOD:player_core_mod]	[PLAYER_CORE_MOD] Direction calc: vx=0.71, vy=-0.71, angle=-45.0°, dir=up_right
[MOD:projectiles_mod] Rendering 1 projectiles
[MOD:player_core_mod]	[PLAYER_CORE_MOD] Direction calc: vx=0.71, vy=-0.71, angle=-45.0°, dir=up_right
[MOD:projectiles_mod] Rendering 1 projectiles
[MOD:player_core_mod]	[PLAYER_CORE_MOD] Direction calc: vx=0.71, vy=-0.71, angle=-45.0°, dir=up_right
[MOD:projectiles_mod] Rendering 1 projectiles
[MOD:player_core_mod]	[PLAYER_CORE_MOD] Direction calc: vx=0.71, vy=-0.71, angle=-45.0°, dir=up_right
[MOD:projectiles_mod] Rendering 1 projectiles
[MOD:player_core_mod]	[PLAYER_CORE_MOD] Direction calc: vx=0.71, vy=-0.71, angle=-45.0°, dir=up_right
[MOD:projectiles_mod] Rendering 1 projectiles
[MOD:player_core_mod]	[PLAYER_CORE_MOD] Direction calc: vx=0.71, vy=-0.71, angle=-45.0°, dir=up_right
[MOD:projectiles_mod] Rendering 1 projectiles
[MOD:player_core_mod]	[PLAYER_CORE_MOD] Direction calc: vx=0.71, vy=-0.71, angle=-45.0°, dir=up_right
[MOD:projectiles_mod] Rendering 1 projectiles
[MOD:player_core_mod]	[PLAYER_CORE_MOD] Direction calc: vx=0.71, vy=-0.71, angle=-45.0°, dir=up_right
[MOD:projectiles_mod] Rendering 1 projectiles
[MOD:player_core_mod]	[PLAYER_CORE_MOD] Direction calc: vx=0.71, vy=-0.71, angle=-45.0°, dir=up_right
[MOD:projectiles_mod] Rendering 1 projectiles
[MOD:player_core_mod]	[PLAYER_CORE_MOD] Direction calc: vx=0.71, vy=-0.71, angle=-45.0°, dir=up_right
[MOD:projectiles_mod] Rendering 1 projectiles
[MOD:player_core_mod]	[PLAYER_CORE_MOD] Direction calc: vx=0.71, vy=-0.71, angle=-45.0°, dir=up_right
[MOD:projectiles_mod] Rendering 1 projectiles
[MOD:player_core_mod]	[PLAYER_CORE_MOD] Direction calc: vx=0.71, vy=-0.71, angle=-45.0°, dir=up_right
[MOD:projectiles_mod] Rendering 1 projectiles
[MOD:player_core_mod]	[PLAYER_CORE_MOD] Direction calc: vx=0.71, vy=-0.71, angle=-45.0°, dir=up_right
[MOD:projectiles_mod] Rendering 1 projectiles
[MOD:player_core_mod]	[PLAYER_CORE_MOD] Direction calc: vx=0.71, vy=-0.71, angle=-45.0°, dir=up_right
[MOD:projectiles_mod] Rendering 1 projectiles
[MOD:player_core_mod]	[PLAYER_CORE_MOD] Direction calc: vx=0.71, vy=-0.71, angle=-45.0°, dir=up_right
[MOD:projectiles_mod] Rendering 1 projectiles
[MOD:player_core_mod]	[PLAYER_CORE_MOD] Direction calc: vx=0.71, vy=-0.71, angle=-45.0°, dir=up_right
[MOD:projectiles_mod] Rendering 1 projectiles
[MOD:player_core_mod]	[PLAYER_CORE_MOD] Direction calc: vx=0.71, vy=-0.71, angle=-45.0°, dir=up_right
[MOD:projectiles_mod] Rendering 1 projectiles
[MOD:player_core_mod]	[PLAYER_CORE_MOD] Direction calc: vx=0.71, vy=-0.71, angle=-45.0°, dir=up_right
[MOD:projectiles_mod] Rendering 1 projectiles
[MOD:player_core_mod]	[PLAYER_CORE_MOD] Direction calc: vx=0.71, vy=-0.71, angle=-45.0°, dir=up_right
[MOD:projectiles_mod] Rendering 1 projectiles
[MOD:player_core_mod]	[PLAYER_CORE_MOD] Direction calc: vx=0.71, vy=-0.71, angle=-45.0°, dir=up_right
[MOD:projectiles_mod] Rendering 1 projectiles
[MOD:player_core_mod]	[PLAYER_CORE_MOD] Direction calc: vx=1.00, vy=0.00, angle=0.0°, dir=right
[MOD:projectiles_mod] Rendering 1 projectiles
[MOD:player_core_mod]	[PLAYER_CORE_MOD] Direction calc: vx=1.00, vy=0.00, angle=0.0°, dir=right
[MOD:projectiles_mod] Rendering 1 projectiles
[MOD:player_core_mod]	[PLAYER_CORE_MOD] Direction calc: vx=1.00, vy=0.00, angle=0.0°, dir=right
[MOD:projectiles_mod] Rendering 1 projectiles
[MOD:player_core_mod]	[PLAYER_CORE_MOD] Direction calc: vx=1.00, vy=0.00, angle=0.0°, dir=right
[MOD:projectiles_mod] Rendering 1 projectiles
[MOD:player_core_mod]	[PLAYER_CORE_MOD] Direction calc: vx=1.00, vy=0.00, angle=0.0°, dir=right
[MOD:projectiles_mod] Rendering 1 projectiles
[MOD:player_core_mod]	[PLAYER_CORE_MOD] Direction calc: vx=1.00, vy=0.00, angle=0.0°, dir=right
[MOD:projectiles_mod] Rendering 1 projectiles
[MOD:player_core_mod]	[PLAYER_CORE_MOD] Direction calc: vx=1.00, vy=0.00, angle=0.0°, dir=right
[MOD:projectiles_mod] Rendering 1 projectiles
[MOD:player_core_mod]	[PLAYER_CORE_MOD] Direction calc: vx=1.00, vy=0.00, angle=0.0°, dir=right
[MOD:projectiles_mod] Rendering 1 projectiles
[MOD:player_core_mod]	[PLAYER_CORE_MOD] Direction calc: vx=1.00, vy=0.00, angle=0.0°, dir=right
[MOD:player_core_mod]	[PLAYER_CORE_MOD] Direction calc: vx=1.00, vy=0.00, angle=0.0°, dir=right
[MOD:player_core_mod]	[PLAYER_CORE_MOD] Direction calc: vx=1.00, vy=0.00, angle=0.0°, dir=right
[MOD:player_core_mod]	[PLAYER_CORE_MOD] Direction calc: vx=0.71, vy=-0.71, angle=-45.0°, dir=up_right
[MOD:player_core_mod]	[PLAYER_CORE_MOD] Direction calc: vx=0.71, vy=-0.71, angle=-45.0°, dir=up_right
[MOD:player_core_mod]	[PLAYER_CORE_MOD] Direction calc: vx=0.71, vy=-0.71, angle=-45.0°, dir=up_right
[MOD:player_core_mod]	[PLAYER_CORE_MOD] Direction calc: vx=0.71, vy=-0.71, angle=-45.0°, dir=up_right
[MOD:player_core_mod]	[PLAYER_CORE_MOD] Direction calc: vx=0.00, vy=-1.00, angle=-90.0°, dir=up
[MOD:player_core_mod]	[PLAYER_CORE_MOD] Direction calc: vx=0.00, vy=-1.00, angle=-90.0°, dir=up
[MOD:player_core_mod]	[PLAYER_CORE_MOD] Direction calc: vx=0.00, vy=-1.00, angle=-90.0°, dir=up
[MOD:player_core_mod]	[PLAYER_CORE_MOD] Direction calc: vx=0.00, vy=-1.00, angle=-90.0°, dir=up
[MOD:player_core_mod]	[PLAYER_CORE_MOD] Direction calc: vx=0.00, vy=-1.00, angle=-90.0°, dir=up
[MOD:player_core_mod]	[PLAYER_CORE_MOD] Direction calc: vx=-0.71, vy=-0.71, angle=-135.0°, dir=up_left
[MOD:player_core_mod]	[PLAYER_CORE_MOD] Direction calc: vx=-0.71, vy=-0.71, angle=-135.0°, dir=up_left
[MOD:player_core_mod]	[PLAYER_CORE_MOD] Direction calc: vx=-0.71, vy=-0.71, angle=-135.0°, dir=up_left
[MOD:player_core_mod]	[PLAYER_CORE_MOD] Direction calc: vx=-0.71, vy=-0.71, angle=-135.0°, dir=up_left
[MOD:player_core_mod]	[PLAYER_CORE_MOD] Direction calc: vx=-0.71, vy=-0.71, angle=-135.0°, dir=up_left
[MOD:player_core_mod]	[PLAYER_CORE_MOD] Direction calc: vx=-0.71, vy=-0.71, angle=-135.0°, dir=up_left
[MOD:player_core_mod]	[PLAYER_CORE_MOD] Direction calc: vx=-0.71, vy=-0.71, angle=-135.0°, dir=up_left
[MOD:player_core_mod]	[PLAYER_CORE_MOD] Direction calc: vx=-0.71, vy=-0.71, angle=-135.0°, dir=up_left
[MOD:player_core_mod]	[PLAYER_CORE_MOD] Direction calc: vx=-0.71, vy=-0.71, angle=-135.0°, dir=up_left
[MOD:player_core_mod]	[PLAYER_CORE_MOD] Direction calc: vx=-0.71, vy=-0.71, angle=-135.0°, dir=up_left
[MOD:player_core_mod]	[PLAYER_CORE_MOD] Direction calc: vx=-0.71, vy=-0.71, angle=-135.0°, dir=up_left
[MOD:player_core_mod]	[PLAYER_CORE_MOD] Direction calc: vx=-0.71, vy=-0.71, angle=-135.0°, dir=up_left
[MOD:player_core_mod]	[PLAYER_CORE_MOD] Direction calc: vx=-0.71, vy=-0.71, angle=-135.0°, dir=up_left
[MOD:player_core_mod]	[PLAYER_CORE_MOD] Direction calc: vx=-0.71, vy=-0.71, angle=-135.0°, dir=up_left
[MOD:player_core_mod]	[PLAYER_CORE_MOD] Direction calc: vx=-0.71, vy=-0.71, angle=-135.0°, dir=up_left
[MOD:player_core_mod]	[PLAYER_CORE_MOD] Direction calc: vx=-0.71, vy=-0.71, angle=-135.0°, dir=up_left
[MOD:player_core_mod]	[PLAYER_CORE_MOD] Direction calc: vx=-0.71, vy=-0.71, angle=-135.0°, dir=up_left
[MOD:player_core_mod]	[PLAYER_CORE_MOD] Direction calc: vx=-0.71, vy=-0.71, angle=-135.0°, dir=up_left
[MOD:player_core_mod]	[PLAYER_CORE_MOD] Direction calc: vx=-0.71, vy=-0.71, angle=-135.0°, dir=up_left
[MOD:player_core_mod]	[PLAYER_CORE_MOD DEBUG] Update call #960
[MOD:player_core_mod]	[PLAYER_CORE_MOD] Direction calc: vx=-0.71, vy=-0.71, angle=-135.0°, dir=up_left
[rendererPlus] World queue size: 5
[MOD:player_core_mod]	[PLAYER_CORE_MOD] Direction calc: vx=-1.00, vy=0.00, angle=180.0°, dir=left
[MOD:player_core_mod]	[PLAYER_CORE_MOD] Direction calc: vx=-1.00, vy=0.00, angle=180.0°, dir=left
[MOD:weapons_core_mod] [DEBUG] Mouse press handler triggered - button: 1
[MOD:weapons_core_mod] [DEBUG] handleShoot called - button: 1, x: 452, y: 285
[MOD:weapons_core_mod] [DEBUG] Weapon: Shotgun, cooldown: 0.83
[MOD:weapons_core_mod] [DEBUG] Weapon on cooldown, remaining: 0.83
[MOD:player_core_mod]	[PLAYER_CORE_MOD] Direction calc: vx=-1.00, vy=0.00, angle=180.0°, dir=left
[rendererPlus] GC collected: 2989.56 KB
[MOD:player_core_mod]	[PLAYER_CORE_MOD] Direction calc: vx=-1.00, vy=0.00, angle=180.0°, dir=left
[MOD:player_core_mod]	[PLAYER_CORE_MOD] Direction calc: vx=-1.00, vy=0.00, angle=180.0°, dir=left
[MOD:player_core_mod]	[PLAYER_CORE_MOD] Direction calc: vx=-1.00, vy=0.00, angle=180.0°, dir=left
[MOD:player_core_mod]	[PLAYER_CORE_MOD] Direction calc: vx=-1.00, vy=0.00, angle=180.0°, dir=left
[MOD:player_core_mod]	[PLAYER_CORE_MOD] Direction calc: vx=-1.00, vy=0.00, angle=180.0°, dir=left
[MOD:player_core_mod]	[PLAYER_CORE_MOD] Direction calc: vx=-1.00, vy=0.00, angle=180.0°, dir=left
[MOD:player_core_mod]	[PLAYER_CORE_MOD] Direction calc: vx=-1.00, vy=0.00, angle=180.0°, dir=left
[MOD:player_core_mod]	[PLAYER_CORE_MOD] Direction calc: vx=-1.00, vy=0.00, angle=180.0°, dir=left
[MOD:weapons_core_mod] [DEBUG] Mouse release handler triggered - button: 1
[MOD:player_core_mod]	[PLAYER_CORE_MOD] Direction calc: vx=-1.00, vy=0.00, angle=180.0°, dir=left
[MOD:player_core_mod]	[PLAYER_CORE_MOD] Direction calc: vx=-1.00, vy=0.00, angle=180.0°, dir=left
[MOD:player_core_mod]	[PLAYER_CORE_MOD] Direction calc: vx=-1.00, vy=0.00, angle=180.0°, dir=left
[MOD:player_core_mod]	[PLAYER_CORE_MOD] Direction calc: vx=-1.00, vy=0.00, angle=180.0°, dir=left
[MOD:player_core_mod]	[PLAYER_CORE_MOD] Direction calc: vx=-1.00, vy=0.00, angle=180.0°, dir=left
[MOD:player_core_mod]	[PLAYER_CORE_MOD] Direction calc: vx=-1.00, vy=0.00, angle=180.0°, dir=left
[MOD:player_core_mod]	[PLAYER_CORE_MOD] Direction calc: vx=-1.00, vy=0.00, angle=180.0°, dir=left
[MOD:player_core_mod]	[PLAYER_CORE_MOD] Direction calc: vx=-1.00, vy=0.00, angle=180.0°, dir=left
[MOD:player_core_mod]	[PLAYER_CORE_MOD] Direction calc: vx=-1.00, vy=0.00, angle=180.0°, dir=left
[MOD:player_core_mod]	[PLAYER_CORE_MOD] Direction calc: vx=-1.00, vy=0.00, angle=180.0°, dir=left
[MOD:player_core_mod]	[PLAYER_CORE_MOD] Direction calc: vx=-1.00, vy=0.00, angle=180.0°, dir=left
[MOD:player_core_mod]	[PLAYER_CORE_MOD] Direction calc: vx=-1.00, vy=0.00, angle=180.0°, dir=left
[MOD:player_core_mod]	[PLAYER_CORE_MOD] Direction calc: vx=-1.00, vy=0.00, angle=180.0°, dir=left
[MOD:player_core_mod]	[PLAYER_CORE_MOD] Direction calc: vx=-1.00, vy=0.00, angle=180.0°, dir=left
[MOD:player_core_mod]	[PLAYER_CORE_MOD] Direction calc: vx=-1.00, vy=0.00, angle=180.0°, dir=left
[MOD:player_core_mod]	[PLAYER_CORE_MOD] Direction calc: vx=-1.00, vy=0.00, angle=180.0°, dir=left
[MOD:player_core_mod]	[PLAYER_CORE_MOD] Direction calc: vx=-1.00, vy=0.00, angle=180.0°, dir=left
[MOD:player_core_mod]	[PLAYER_CORE_MOD] Direction calc: vx=-1.00, vy=0.00, angle=180.0°, dir=left
[MOD:player_core_mod]	[PLAYER_CORE_MOD] Direction calc: vx=-1.00, vy=0.00, angle=180.0°, dir=left
[MOD:player_core_mod]	[PLAYER_CORE_MOD] Direction calc: vx=-1.00, vy=0.00, angle=180.0°, dir=left
[MOD:player_core_mod]	[PLAYER_CORE_MOD] Direction calc: vx=-1.00, vy=0.00, angle=180.0°, dir=left
[MOD:player_core_mod]	[PLAYER_CORE_MOD] Direction calc: vx=-1.00, vy=0.00, angle=180.0°, dir=left
[MOD:player_core_mod]	[PLAYER_CORE_MOD] Direction calc: vx=-1.00, vy=0.00, angle=180.0°, dir=left
[MOD:player_core_mod]	[PLAYER_CORE_MOD] Direction calc: vx=-1.00, vy=0.00, angle=180.0°, dir=left
[MOD:player_core_mod]	[PLAYER_CORE_MOD] Direction calc: vx=-1.00, vy=0.00, angle=180.0°, dir=left
[MOD:player_core_mod]	[PLAYER_CORE_MOD] Direction calc: vx=-1.00, vy=0.00, angle=180.0°, dir=left
[MOD:player_core_mod]	[PLAYER_CORE_MOD] Direction calc: vx=-1.00, vy=0.00, angle=180.0°, dir=left
[MOD:player_core_mod]	[PLAYER_CORE_MOD] Direction calc: vx=-1.00, vy=0.00, angle=180.0°, dir=left
[MOD:player_core_mod]	[PLAYER_CORE_MOD] Direction calc: vx=-1.00, vy=0.00, angle=180.0°, dir=left
[MOD:player_core_mod]	[PLAYER_CORE_MOD] Direction calc: vx=-1.00, vy=0.00, angle=180.0°, dir=left
[MOD:player_core_mod]	[PLAYER_CORE_MOD] Direction calc: vx=-0.71, vy=0.71, angle=135.0°, dir=down_left
[MOD:player_core_mod]	[PLAYER_CORE_MOD] Direction calc: vx=-0.71, vy=0.71, angle=135.0°, dir=down_left
[MOD:player_core_mod]	[PLAYER_CORE_MOD] Direction calc: vx=-0.71, vy=0.71, angle=135.0°, dir=down_left
[MOD:player_core_mod]	[PLAYER_CORE_MOD] Direction calc: vx=-0.71, vy=0.71, angle=135.0°, dir=down_left
[MOD:player_core_mod]	[PLAYER_CORE_MOD] Direction calc: vx=-0.71, vy=0.71, angle=135.0°, dir=down_left
[MOD:player_core_mod]	[PLAYER_CORE_MOD] Direction calc: vx=-1.00, vy=0.00, angle=180.0°, dir=left
[MOD:player_core_mod]	[PLAYER_CORE_MOD] Direction calc: vx=-1.00, vy=0.00, angle=180.0°, dir=left
[MOD:player_core_mod]	[PLAYER_CORE_MOD] Direction calc: vx=-1.00, vy=0.00, angle=180.0°, dir=left
[MOD:player_core_mod]	[PLAYER_CORE_MOD] Direction calc: vx=-1.00, vy=0.00, angle=180.0°, dir=left
[MOD:player_core_mod]	[PLAYER_CORE_MOD] Direction calc: vx=-1.00, vy=0.00, angle=180.0°, dir=left
[MOD:player_core_mod]	[PLAYER_CORE_MOD] Direction calc: vx=-1.00, vy=0.00, angle=180.0°, dir=left
[MOD:player_core_mod]	[PLAYER_CORE_MOD] Direction calc: vx=-1.00, vy=0.00, angle=180.0°, dir=left
[MOD:player_core_mod]	[PLAYER_CORE_MOD] Direction calc: vx=-1.00, vy=0.00, angle=180.0°, dir=left
[MOD:player_core_mod]	[PLAYER_CORE_MOD] Direction calc: vx=-1.00, vy=0.00, angle=180.0°, dir=left
[MOD:player_core_mod]	[PLAYER_CORE_MOD] Direction calc: vx=-1.00, vy=0.00, angle=180.0°, dir=left
[MOD:player_core_mod]	[PLAYER_CORE_MOD] Direction calc: vx=-1.00, vy=0.00, angle=180.0°, dir=left
[MOD:player_core_mod]	[PLAYER_CORE_MOD] Direction calc: vx=-1.00, vy=0.00, angle=180.0°, dir=left
[MOD:player_core_mod]	[PLAYER_CORE_MOD] Direction calc: vx=-1.00, vy=0.00, angle=180.0°, dir=left
[MOD:player_core_mod]	[PLAYER_CORE_MOD DEBUG] Update call #1020
[MOD:player_core_mod]	[PLAYER_CORE_MOD] Direction calc: vx=-1.00, vy=0.00, angle=180.0°, dir=left
[MOD:player_core_mod]	[PLAYER_CORE_MOD] Direction calc: vx=-1.00, vy=0.00, angle=180.0°, dir=left
[MOD:player_core_mod]	[PLAYER_CORE_MOD] Direction calc: vx=-1.00, vy=0.00, angle=180.0°, dir=left
[MOD:player_core_mod]	[PLAYER_CORE_MOD] Direction calc: vx=-1.00, vy=0.00, angle=180.0°, dir=left
[MOD:player_core_mod]	[PLAYER_CORE_MOD] Direction calc: vx=-1.00, vy=0.00, angle=180.0°, dir=left
[MOD:player_core_mod]	[PLAYER_CORE_MOD] Direction calc: vx=-1.00, vy=0.00, angle=180.0°, dir=left
[MOD:player_core_mod]	[PLAYER_CORE_MOD] Direction calc: vx=-1.00, vy=0.00, angle=180.0°, dir=left
[MOD:player_core_mod]	[PLAYER_CORE_MOD] Direction calc: vx=-1.00, vy=0.00, angle=180.0°, dir=left
[MOD:player_core_mod]	[PLAYER_CORE_MOD] Direction calc: vx=-1.00, vy=0.00, angle=180.0°, dir=left
[MOD:player_core_mod]	[PLAYER_CORE_MOD] Direction calc: vx=-1.00, vy=0.00, angle=180.0°, dir=left
[MOD:weapons_core_mod] [DEBUG] Mouse press handler triggered - button: 1
[MOD:weapons_core_mod] [DEBUG] handleShoot called - button: 1, x: 152, y: 380
[MOD:weapons_core_mod] [DEBUG] Weapon: Shotgun, cooldown: 0.83
[MOD:weapons_core_mod] [DEBUG] Weapon on cooldown, remaining: 0.83
[MOD:player_core_mod]	[PLAYER_CORE_MOD] Direction calc: vx=-1.00, vy=0.00, angle=180.0°, dir=left
[MOD:player_core_mod]	[PLAYER_CORE_MOD] Direction calc: vx=-1.00, vy=0.00, angle=180.0°, dir=left
[MOD:player_core_mod]	[PLAYER_CORE_MOD] Direction calc: vx=-1.00, vy=0.00, angle=180.0°, dir=left
[MOD:player_core_mod]	[PLAYER_CORE_MOD] Direction calc: vx=-0.71, vy=-0.71, angle=-135.0°, dir=up_left
[MOD:player_core_mod]	[PLAYER_CORE_MOD] Direction calc: vx=-0.71, vy=-0.71, angle=-135.0°, dir=up_left
[MOD:player_core_mod]	[PLAYER_CORE_MOD] Direction calc: vx=-0.71, vy=-0.71, angle=-135.0°, dir=up_left
[MOD:player_core_mod]	[PLAYER_CORE_MOD] Direction calc: vx=-0.71, vy=-0.71, angle=-135.0°, dir=up_left
[MOD:player_core_mod]	[PLAYER_CORE_MOD] Direction calc: vx=-0.71, vy=-0.71, angle=-135.0°, dir=up_left
[MOD:player_core_mod]	[PLAYER_CORE_MOD] Direction calc: vx=-0.71, vy=-0.71, angle=-135.0°, dir=up_left
[MOD:weapons_core_mod] [DEBUG] Mouse release handler triggered - button: 1
[MOD:player_core_mod]	[PLAYER_CORE_MOD] Direction calc: vx=-0.71, vy=-0.71, angle=-135.0°, dir=up_left
[MOD:player_core_mod]	[PLAYER_CORE_MOD] Direction calc: vx=-0.71, vy=-0.71, angle=-135.0°, dir=up_left
[MOD:player_core_mod]	[PLAYER_CORE_MOD] Direction calc: vx=-0.71, vy=-0.71, angle=-135.0°, dir=up_left
[MOD:player_core_mod]	[PLAYER_CORE_MOD] Direction calc: vx=-0.71, vy=-0.71, angle=-135.0°, dir=up_left
[MOD:player_core_mod]	[PLAYER_CORE_MOD] Direction calc: vx=-0.71, vy=-0.71, angle=-135.0°, dir=up_left
[MOD:player_core_mod]	[PLAYER_CORE_MOD] Direction calc: vx=-0.71, vy=-0.71, angle=-135.0°, dir=up_left
[MOD:player_core_mod]	[PLAYER_CORE_MOD] Direction calc: vx=-0.71, vy=-0.71, angle=-135.0°, dir=up_left
[MOD:player_core_mod]	[PLAYER_CORE_MOD] Direction calc: vx=-0.71, vy=-0.71, angle=-135.0°, dir=up_left
[MOD:player_core_mod]	[PLAYER_CORE_MOD] Direction calc: vx=-0.71, vy=-0.71, angle=-135.0°, dir=up_left
[MOD:player_core_mod]	[PLAYER_CORE_MOD] Direction calc: vx=-0.71, vy=-0.71, angle=-135.0°, dir=up_left
[MOD:player_core_mod]	[PLAYER_CORE_MOD] Direction calc: vx=-0.71, vy=-0.71, angle=-135.0°, dir=up_left
[MOD:player_core_mod]	[PLAYER_CORE_MOD] Direction calc: vx=-0.71, vy=-0.71, angle=-135.0°, dir=up_left
[MOD:player_core_mod]	[PLAYER_CORE_MOD] Direction calc: vx=-0.71, vy=-0.71, angle=-135.0°, dir=up_left
[MOD:player_core_mod]	[PLAYER_CORE_MOD] Direction calc: vx=-0.71, vy=-0.71, angle=-135.0°, dir=up_left
[MOD:player_core_mod]	[PLAYER_CORE_MOD] Direction calc: vx=-0.71, vy=-0.71, angle=-135.0°, dir=up_left
[MOD:player_core_mod]	[PLAYER_CORE_MOD] Direction calc: vx=-0.71, vy=-0.71, angle=-135.0°, dir=up_left
[MOD:player_core_mod]	[PLAYER_CORE_MOD] Direction calc: vx=-0.71, vy=-0.71, angle=-135.0°, dir=up_left
[MOD:player_core_mod]	[PLAYER_CORE_MOD] Direction calc: vx=-0.71, vy=-0.71, angle=-135.0°, dir=up_left
[MOD:player_core_mod]	[PLAYER_CORE_MOD] Direction calc: vx=-0.71, vy=-0.71, angle=-135.0°, dir=up_left
[MOD:player_core_mod]	[PLAYER_CORE_MOD] Direction calc: vx=-0.71, vy=-0.71, angle=-135.0°, dir=up_left
[MOD:player_core_mod]	[PLAYER_CORE_MOD] Direction calc: vx=-0.71, vy=-0.71, angle=-135.0°, dir=up_left
[MOD:player_core_mod]	[PLAYER_CORE_MOD] Direction calc: vx=-0.71, vy=-0.71, angle=-135.0°, dir=up_left
[MOD:player_core_mod]	[PLAYER_CORE_MOD] Direction calc: vx=-0.71, vy=-0.71, angle=-135.0°, dir=up_left
[MOD:player_core_mod]	[PLAYER_CORE_MOD] Direction calc: vx=-0.71, vy=-0.71, angle=-135.0°, dir=up_left
[MOD:player_core_mod]	[PLAYER_CORE_MOD] Direction calc: vx=-0.71, vy=-0.71, angle=-135.0°, dir=up_left
[MOD:player_core_mod]	[PLAYER_CORE_MOD] Direction calc: vx=-0.71, vy=-0.71, angle=-135.0°, dir=up_left
[MOD:player_core_mod]	[PLAYER_CORE_MOD] Direction calc: vx=-0.71, vy=-0.71, angle=-135.0°, dir=up_left
[MOD:player_core_mod]	[PLAYER_CORE_MOD] Direction calc: vx=-0.71, vy=-0.71, angle=-135.0°, dir=up_left
[MOD:player_core_mod]	[PLAYER_CORE_MOD] Direction calc: vx=-0.71, vy=-0.71, angle=-135.0°, dir=up_left
[MOD:player_core_mod]	[PLAYER_CORE_MOD] Direction calc: vx=-0.71, vy=-0.71, angle=-135.0°, dir=up_left
[MOD:player_core_mod]	[PLAYER_CORE_MOD] Direction calc: vx=-0.71, vy=-0.71, angle=-135.0°, dir=up_left
[MOD:player_core_mod]	[PLAYER_CORE_MOD] Direction calc: vx=-0.71, vy=-0.71, angle=-135.0°, dir=up_left
[MOD:player_core_mod]	[PLAYER_CORE_MOD] Direction calc: vx=-0.71, vy=-0.71, angle=-135.0°, dir=up_left
[MOD:player_core_mod]	[PLAYER_CORE_MOD] Direction calc: vx=-0.71, vy=-0.71, angle=-135.0°, dir=up_left
[MOD:player_core_mod]	[PLAYER_CORE_MOD] Direction calc: vx=-0.71, vy=-0.71, angle=-135.0°, dir=up_left
[MOD:player_core_mod]	[PLAYER_CORE_MOD] Direction calc: vx=-0.71, vy=-0.71, angle=-135.0°, dir=up_left
[MOD:player_core_mod]	[PLAYER_CORE_MOD] Direction calc: vx=-0.71, vy=-0.71, angle=-135.0°, dir=up_left
[MOD:player_core_mod]	[PLAYER_CORE_MOD] Direction calc: vx=-0.71, vy=-0.71, angle=-135.0°, dir=up_left
[MOD:player_core_mod]	[PLAYER_CORE_MOD] Direction calc: vx=-0.71, vy=-0.71, angle=-135.0°, dir=up_left
[MOD:player_core_mod]	[PLAYER_CORE_MOD] Direction calc: vx=-0.71, vy=-0.71, angle=-135.0°, dir=up_left
[MOD:player_core_mod]	[PLAYER_CORE_MOD] Direction calc: vx=-0.71, vy=-0.71, angle=-135.0°, dir=up_left
[MOD:player_core_mod]	[PLAYER_CORE_MOD DEBUG] Update call #1080
[MOD:player_core_mod]	[PLAYER_CORE_MOD] Direction calc: vx=-0.71, vy=-0.71, angle=-135.0°, dir=up_left
[MOD:player_core_mod]	[PLAYER_CORE_MOD] Direction calc: vx=-0.71, vy=-0.71, angle=-135.0°, dir=up_left
[MOD:player_core_mod]	[PLAYER_CORE_MOD] Direction calc: vx=-0.71, vy=-0.71, angle=-135.0°, dir=up_left
[MOD:player_core_mod]	[PLAYER_CORE_MOD] Direction calc: vx=-0.71, vy=-0.71, angle=-135.0°, dir=up_left
[rendererPlus] GC collected: 2003.27 KB
[MOD:player_core_mod]	[PLAYER_CORE_MOD] Direction calc: vx=-0.71, vy=-0.71, angle=-135.0°, dir=up_left
[MOD:player_core_mod]	[PLAYER_CORE_MOD] Direction calc: vx=-0.71, vy=-0.71, angle=-135.0°, dir=up_left
[MOD:player_core_mod]	[PLAYER_CORE_MOD] Direction calc: vx=-0.71, vy=-0.71, angle=-135.0°, dir=up_left
[MOD:player_core_mod]	[PLAYER_CORE_MOD] Direction calc: vx=-0.71, vy=-0.71, angle=-135.0°, dir=up_left
[MOD:player_core_mod]	[PLAYER_CORE_MOD] Direction calc: vx=-0.71, vy=-0.71, angle=-135.0°, dir=up_left
[MOD:player_core_mod]	[PLAYER_CORE_MOD] Direction calc: vx=-0.71, vy=-0.71, angle=-135.0°, dir=up_left
[MOD:player_core_mod]	[PLAYER_CORE_MOD] Direction calc: vx=-1.00, vy=0.00, angle=180.0°, dir=left
[MOD:player_core_mod]	[PLAYER_CORE_MOD] Direction calc: vx=-1.00, vy=0.00, angle=180.0°, dir=left
[MOD:player_core_mod]	[PLAYER_CORE_MOD] Direction calc: vx=-1.00, vy=0.00, angle=180.0°, dir=left
[MOD:player_core_mod]	[PLAYER_CORE_MOD] Direction calc: vx=-1.00, vy=0.00, angle=180.0°, dir=left
[MOD:player_core_mod]	[PLAYER_CORE_MOD] Direction calc: vx=-1.00, vy=0.00, angle=180.0°, dir=left
[MOD:player_core_mod]	[PLAYER_CORE_MOD] Direction calc: vx=-1.00, vy=0.00, angle=180.0°, dir=left
[MOD:player_core_mod]	[PLAYER_CORE_MOD] Direction calc: vx=-1.00, vy=0.00, angle=180.0°, dir=left
[MOD:player_core_mod]	[PLAYER_CORE_MOD] Direction calc: vx=-1.00, vy=0.00, angle=180.0°, dir=left
[MOD:player_core_mod]	[PLAYER_CORE_MOD] Direction calc: vx=-1.00, vy=0.00, angle=180.0°, dir=left
[MOD:player_core_mod]	[PLAYER_CORE_MOD] Direction calc: vx=-1.00, vy=0.00, angle=180.0°, dir=left
[rendererPlus] World queue size: 4
[MOD:player_core_mod]	[PLAYER_CORE_MOD] Direction calc: vx=-1.00, vy=0.00, angle=180.0°, dir=left
[MOD:player_core_mod]	[PLAYER_CORE_MOD] Direction calc: vx=-1.00, vy=0.00, angle=180.0°, dir=left
[MOD:player_core_mod]	[PLAYER_CORE_MOD] Direction calc: vx=-1.00, vy=0.00, angle=180.0°, dir=left
[MOD:player_core_mod]	[PLAYER_CORE_MOD] Direction calc: vx=-1.00, vy=0.00, angle=180.0°, dir=left
[MOD:player_core_mod]	[PLAYER_CORE_MOD] Direction calc: vx=-1.00, vy=0.00, angle=180.0°, dir=left
[MOD:player_core_mod]	[PLAYER_CORE_MOD] Direction calc: vx=-1.00, vy=0.00, angle=180.0°, dir=left
[MOD:player_core_mod]	[PLAYER_CORE_MOD] Direction calc: vx=-1.00, vy=0.00, angle=180.0°, dir=left
[MOD:player_core_mod]	[PLAYER_CORE_MOD] Direction calc: vx=-1.00, vy=0.00, angle=180.0°, dir=left
[MOD:player_core_mod]	[PLAYER_CORE_MOD] Direction calc: vx=-1.00, vy=0.00, angle=180.0°, dir=left
[MOD:player_core_mod]	[PLAYER_CORE_MOD] Direction calc: vx=-1.00, vy=0.00, angle=180.0°, dir=left
[MOD:player_core_mod]	[PLAYER_CORE_MOD] Direction calc: vx=-0.71, vy=0.71, angle=135.0°, dir=down_left
[MOD:player_core_mod]	[PLAYER_CORE_MOD] Direction calc: vx=-0.71, vy=0.71, angle=135.0°, dir=down_left
[MOD:player_core_mod]	[PLAYER_CORE_MOD] Direction calc: vx=-0.71, vy=0.71, angle=135.0°, dir=down_left
[MOD:player_core_mod]	[PLAYER_CORE_MOD] Direction calc: vx=-0.71, vy=0.71, angle=135.0°, dir=down_left
[MOD:player_core_mod]	[PLAYER_CORE_MOD] Direction calc: vx=-0.71, vy=0.71, angle=135.0°, dir=down_left
[MOD:player_core_mod]	[PLAYER_CORE_MOD] Direction calc: vx=-0.71, vy=0.71, angle=135.0°, dir=down_left
[MOD:player_core_mod]	[PLAYER_CORE_MOD] Direction calc: vx=-0.71, vy=0.71, angle=135.0°, dir=down_left
[MOD:player_core_mod]	[PLAYER_CORE_MOD] Direction calc: vx=-0.71, vy=0.71, angle=135.0°, dir=down_left
[MOD:player_core_mod]	[PLAYER_CORE_MOD] Direction calc: vx=-0.71, vy=0.71, angle=135.0°, dir=down_left
[MOD:player_core_mod]	[PLAYER_CORE_MOD] Direction calc: vx=-0.71, vy=0.71, angle=135.0°, dir=down_left
[MOD:player_core_mod]	[PLAYER_CORE_MOD] Direction calc: vx=-0.71, vy=0.71, angle=135.0°, dir=down_left
[MOD:player_core_mod]	[PLAYER_CORE_MOD] Direction calc: vx=-0.71, vy=0.71, angle=135.0°, dir=down_left
[MOD:player_core_mod]	[PLAYER_CORE_MOD] Direction calc: vx=-0.71, vy=0.71, angle=135.0°, dir=down_left
[MOD:player_core_mod]	[PLAYER_CORE_MOD] Direction calc: vx=-0.71, vy=0.71, angle=135.0°, dir=down_left
[MOD:player_core_mod]	[PLAYER_CORE_MOD] Direction calc: vx=-0.71, vy=0.71, angle=135.0°, dir=down_left
[MOD:player_core_mod]	[PLAYER_CORE_MOD] Direction calc: vx=-0.71, vy=0.71, angle=135.0°, dir=down_left
[MOD:player_core_mod]	[PLAYER_CORE_MOD] Direction calc: vx=-0.71, vy=0.71, angle=135.0°, dir=down_left
[MOD:player_core_mod]	[PLAYER_CORE_MOD] Direction calc: vx=-0.71, vy=0.71, angle=135.0°, dir=down_left
[MOD:player_core_mod]	[PLAYER_CORE_MOD] Direction calc: vx=-0.71, vy=0.71, angle=135.0°, dir=down_left
[MOD:player_core_mod]	[PLAYER_CORE_MOD] Direction calc: vx=-0.71, vy=0.71, angle=135.0°, dir=down_left
[MOD:player_core_mod]	[PLAYER_CORE_MOD] Direction calc: vx=-0.71, vy=0.71, angle=135.0°, dir=down_left
[MOD:player_core_mod]	[PLAYER_CORE_MOD] Direction calc: vx=-0.71, vy=0.71, angle=135.0°, dir=down_left
[MOD:player_core_mod]	[PLAYER_CORE_MOD] Direction calc: vx=-0.71, vy=0.71, angle=135.0°, dir=down_left
[MOD:player_core_mod]	[PLAYER_CORE_MOD] Direction calc: vx=-0.71, vy=0.71, angle=135.0°, dir=down_left
[MOD:player_core_mod]	[PLAYER_CORE_MOD] Direction calc: vx=-0.71, vy=0.71, angle=135.0°, dir=down_left
[MOD:player_core_mod]	[PLAYER_CORE_MOD] Direction calc: vx=-0.71, vy=0.71, angle=135.0°, dir=down_left
[MOD:player_core_mod]	[PLAYER_CORE_MOD] Direction calc: vx=-0.71, vy=0.71, angle=135.0°, dir=down_left
[MOD:player_core_mod]	[PLAYER_CORE_MOD] Direction calc: vx=-0.71, vy=0.71, angle=135.0°, dir=down_left
[MOD:player_core_mod]	[PLAYER_CORE_MOD] Direction calc: vx=-0.71, vy=0.71, angle=135.0°, dir=down_left
[MOD:player_core_mod]	[PLAYER_CORE_MOD] Direction calc: vx=-0.71, vy=0.71, angle=135.0°, dir=down_left
[MOD:player_core_mod]	[PLAYER_CORE_MOD DEBUG] Update call #1140
[MOD:player_core_mod]	[PLAYER_CORE_MOD] Direction calc: vx=-0.71, vy=0.71, angle=135.0°, dir=down_left
[MOD:player_core_mod]	[PLAYER_CORE_MOD] Direction calc: vx=-0.71, vy=0.71, angle=135.0°, dir=down_left
[MOD:player_core_mod]	[PLAYER_CORE_MOD] Direction calc: vx=-0.71, vy=0.71, angle=135.0°, dir=down_left
[MOD:player_core_mod]	[PLAYER_CORE_MOD] Direction calc: vx=-0.71, vy=0.71, angle=135.0°, dir=down_left
[MOD:player_core_mod]	[PLAYER_CORE_MOD] Direction calc: vx=-0.71, vy=0.71, angle=135.0°, dir=down_left
[MOD:player_core_mod]	[PLAYER_CORE_MOD] Direction calc: vx=-0.71, vy=0.71, angle=135.0°, dir=down_left
[MOD:player_core_mod]	[PLAYER_CORE_MOD] Direction calc: vx=-0.71, vy=0.71, angle=135.0°, dir=down_left
[MOD:player_core_mod]	[PLAYER_CORE_MOD] Direction calc: vx=-0.71, vy=0.71, angle=135.0°, dir=down_left
[MOD:player_core_mod]	[PLAYER_CORE_MOD] Direction calc: vx=-0.71, vy=0.71, angle=135.0°, dir=down_left
[MOD:player_core_mod]	[PLAYER_CORE_MOD] Direction calc: vx=-0.71, vy=0.71, angle=135.0°, dir=down_left
[MOD:player_core_mod]	[PLAYER_CORE_MOD] Direction calc: vx=-0.71, vy=0.71, angle=135.0°, dir=down_left
[MOD:player_core_mod]	[PLAYER_CORE_MOD] Direction calc: vx=-0.71, vy=0.71, angle=135.0°, dir=down_left
[MOD:player_core_mod]	[PLAYER_CORE_MOD] Direction calc: vx=-0.71, vy=0.71, angle=135.0°, dir=down_left
[MOD:player_core_mod]	[PLAYER_CORE_MOD] Direction calc: vx=-0.71, vy=0.71, angle=135.0°, dir=down_left
[MOD:player_core_mod]	[PLAYER_CORE_MOD] Direction calc: vx=-0.71, vy=0.71, angle=135.0°, dir=down_left
[MOD:player_core_mod]	[PLAYER_CORE_MOD] Direction calc: vx=-0.71, vy=0.71, angle=135.0°, dir=down_left
[MOD:player_core_mod]	[PLAYER_CORE_MOD] Direction calc: vx=-0.71, vy=0.71, angle=135.0°, dir=down_left
[MOD:player_core_mod]	[PLAYER_CORE_MOD] Direction calc: vx=-0.71, vy=0.71, angle=135.0°, dir=down_left
[MOD:player_core_mod]	[PLAYER_CORE_MOD] Direction calc: vx=-0.71, vy=0.71, angle=135.0°, dir=down_left
[MOD:player_core_mod]	[PLAYER_CORE_MOD] Direction calc: vx=-0.71, vy=0.71, angle=135.0°, dir=down_left
[MOD:player_core_mod]	[PLAYER_CORE_MOD] Direction calc: vx=-0.71, vy=0.71, angle=135.0°, dir=down_left
[MOD:player_core_mod]	[PLAYER_CORE_MOD] Direction calc: vx=-0.71, vy=0.71, angle=135.0°, dir=down_left
[MOD:player_core_mod]	[PLAYER_CORE_MOD] Direction calc: vx=-0.71, vy=0.71, angle=135.0°, dir=down_left
[MOD:player_core_mod]	[PLAYER_CORE_MOD] Direction calc: vx=-0.71, vy=0.71, angle=135.0°, dir=down_left
[MOD:player_core_mod]	[PLAYER_CORE_MOD] Direction calc: vx=-0.71, vy=0.71, angle=135.0°, dir=down_left
[MOD:player_core_mod]	[PLAYER_CORE_MOD] Direction calc: vx=-0.71, vy=0.71, angle=135.0°, dir=down_left
[MOD:player_core_mod]	[PLAYER_CORE_MOD] Direction calc: vx=-0.71, vy=0.71, angle=135.0°, dir=down_left
[MOD:player_core_mod]	[PLAYER_CORE_MOD] Direction calc: vx=-0.71, vy=0.71, angle=135.0°, dir=down_left
[MOD:player_core_mod]	[PLAYER_CORE_MOD] Direction calc: vx=-0.71, vy=0.71, angle=135.0°, dir=down_left
[MOD:player_core_mod]	[PLAYER_CORE_MOD] Direction calc: vx=-0.71, vy=0.71, angle=135.0°, dir=down_left
[MOD:player_core_mod]	[PLAYER_CORE_MOD] Direction calc: vx=-0.71, vy=0.71, angle=135.0°, dir=down_left
[MOD:player_core_mod]	[PLAYER_CORE_MOD] Direction calc: vx=-0.71, vy=0.71, angle=135.0°, dir=down_left
[MOD:player_core_mod]	[PLAYER_CORE_MOD] Direction calc: vx=-0.71, vy=0.71, angle=135.0°, dir=down_left
[MOD:player_core_mod]	[PLAYER_CORE_MOD] Direction calc: vx=-0.71, vy=0.71, angle=135.0°, dir=down_left
[MOD:player_core_mod]	[PLAYER_CORE_MOD] Direction calc: vx=-0.71, vy=0.71, angle=135.0°, dir=down_left
[MOD:player_core_mod]	[PLAYER_CORE_MOD] Direction calc: vx=-0.71, vy=0.71, angle=135.0°, dir=down_left
[MOD:player_core_mod]	[PLAYER_CORE_MOD] Direction calc: vx=-0.71, vy=0.71, angle=135.0°, dir=down_left
[MOD:player_core_mod]	[PLAYER_CORE_MOD] Direction calc: vx=-0.71, vy=0.71, angle=135.0°, dir=down_left
[MOD:player_core_mod]	[PLAYER_CORE_MOD] Direction calc: vx=-0.71, vy=0.71, angle=135.0°, dir=down_left
[MOD:player_core_mod]	[PLAYER_CORE_MOD] Direction calc: vx=-0.71, vy=0.71, angle=135.0°, dir=down_left
[MOD:player_core_mod]	[PLAYER_CORE_MOD] Direction calc: vx=-0.71, vy=0.71, angle=135.0°, dir=down_left
[MOD:player_core_mod]	[PLAYER_CORE_MOD] Direction calc: vx=-0.71, vy=0.71, angle=135.0°, dir=down_left
[MOD:player_core_mod]	[PLAYER_CORE_MOD] Direction calc: vx=-0.71, vy=0.71, angle=135.0°, dir=down_left
[MOD:player_core_mod]	[PLAYER_CORE_MOD] Direction calc: vx=-0.71, vy=0.71, angle=135.0°, dir=down_left
[MOD:player_core_mod]	[PLAYER_CORE_MOD] Direction calc: vx=-0.71, vy=0.71, angle=135.0°, dir=down_left
[MOD:player_core_mod]	[PLAYER_CORE_MOD] Direction calc: vx=-0.71, vy=0.71, angle=135.0°, dir=down_left
[MOD:player_core_mod]	[PLAYER_CORE_MOD] Direction calc: vx=-0.71, vy=0.71, angle=135.0°, dir=down_left
[MOD:player_core_mod]	[PLAYER_CORE_MOD] Direction calc: vx=-0.71, vy=0.71, angle=135.0°, dir=down_left
[MOD:player_core_mod]	[PLAYER_CORE_MOD] Direction calc: vx=-0.71, vy=0.71, angle=135.0°, dir=down_left
[MOD:player_core_mod]	[PLAYER_CORE_MOD] Direction calc: vx=-0.71, vy=0.71, angle=135.0°, dir=down_left
[MOD:player_core_mod]	[PLAYER_CORE_MOD] Direction calc: vx=-0.71, vy=0.71, angle=135.0°, dir=down_left
[MOD:player_core_mod]	[PLAYER_CORE_MOD] Direction calc: vx=-0.71, vy=0.71, angle=135.0°, dir=down_left
[MOD:player_core_mod]	[PLAYER_CORE_MOD] Direction calc: vx=-0.71, vy=0.71, angle=135.0°, dir=down_left
[MOD:player_core_mod]	[PLAYER_CORE_MOD] Direction calc: vx=-0.71, vy=0.71, angle=135.0°, dir=down_left
[MOD:player_core_mod]	[PLAYER_CORE_MOD] Direction calc: vx=-0.71, vy=0.71, angle=135.0°, dir=down_left
[MOD:player_core_mod]	[PLAYER_CORE_MOD] Direction calc: vx=-0.71, vy=0.71, angle=135.0°, dir=down_left
[MOD:player_core_mod]	[PLAYER_CORE_MOD] Direction calc: vx=-0.71, vy=0.71, angle=135.0°, dir=down_left
[MOD:player_core_mod]	[PLAYER_CORE_MOD] Direction calc: vx=-0.71, vy=0.71, angle=135.0°, dir=down_left
[MOD:player_core_mod]	[PLAYER_CORE_MOD] Direction calc: vx=-0.71, vy=0.71, angle=135.0°, dir=down_left
[MOD:player_core_mod]	[PLAYER_CORE_MOD] Direction calc: vx=-0.71, vy=0.71, angle=135.0°, dir=down_left
[MOD:player_core_mod]	[PLAYER_CORE_MOD DEBUG] Update call #1200
[MOD:player_core_mod]	[PLAYER_CORE_MOD] Direction calc: vx=-0.71, vy=0.71, angle=135.0°, dir=down_left
[MOD:player_core_mod]	[PLAYER_CORE_MOD] Direction calc: vx=-0.71, vy=0.71, angle=135.0°, dir=down_left
[MOD:player_core_mod]	[PLAYER_CORE_MOD] Direction calc: vx=-0.71, vy=0.71, angle=135.0°, dir=down_left
[MOD:player_core_mod]	[PLAYER_CORE_MOD] Direction calc: vx=-0.71, vy=0.71, angle=135.0°, dir=down_left
[MOD:player_core_mod]	[PLAYER_CORE_MOD] Direction calc: vx=-0.71, vy=0.71, angle=135.0°, dir=down_left
[rendererPlus] GC collected: 2004.11 KB
[MOD:player_core_mod]	[PLAYER_CORE_MOD] Direction calc: vx=-0.71, vy=0.71, angle=135.0°, dir=down_left
[MOD:player_core_mod]	[PLAYER_CORE_MOD] Direction calc: vx=-0.71, vy=0.71, angle=135.0°, dir=down_left
[MOD:player_core_mod]	[PLAYER_CORE_MOD] Direction calc: vx=-0.71, vy=0.71, angle=135.0°, dir=down_left
[MOD:player_core_mod]	[PLAYER_CORE_MOD] Direction calc: vx=-0.71, vy=0.71, angle=135.0°, dir=down_left
[MOD:player_core_mod]	[PLAYER_CORE_MOD] Direction calc: vx=-0.71, vy=0.71, angle=135.0°, dir=down_left
[MOD:player_core_mod]	[PLAYER_CORE_MOD] Direction calc: vx=-0.71, vy=0.71, angle=135.0°, dir=down_left
[MOD:player_core_mod]	[PLAYER_CORE_MOD] Direction calc: vx=-0.71, vy=0.71, angle=135.0°, dir=down_left
[MOD:player_core_mod]	[PLAYER_CORE_MOD] Direction calc: vx=-0.71, vy=0.71, angle=135.0°, dir=down_left
[MOD:player_core_mod]	[PLAYER_CORE_MOD] Direction calc: vx=-0.71, vy=0.71, angle=135.0°, dir=down_left
[MOD:player_core_mod]	[PLAYER_CORE_MOD] Direction calc: vx=-0.71, vy=0.71, angle=135.0°, dir=down_left
[MOD:player_core_mod]	[PLAYER_CORE_MOD] Direction calc: vx=-0.71, vy=0.71, angle=135.0°, dir=down_left
[rendererPlus] World queue size: 5
[MOD:player_core_mod]	[PLAYER_CORE_MOD] Direction calc: vx=-0.71, vy=0.71, angle=135.0°, dir=down_left
[MOD:player_core_mod]	[PLAYER_CORE_MOD] Direction calc: vx=-0.71, vy=0.71, angle=135.0°, dir=down_left
[MOD:player_core_mod]	[PLAYER_CORE_MOD] Direction calc: vx=-0.71, vy=0.71, angle=135.0°, dir=down_left
[MOD:player_core_mod]	[PLAYER_CORE_MOD] Direction calc: vx=0.00, vy=1.00, angle=90.0°, dir=down
[MOD:player_core_mod]	[PLAYER_CORE_MOD] Direction calc: vx=0.00, vy=1.00, angle=90.0°, dir=down
[MOD:player_core_mod]	[PLAYER_CORE_MOD] Direction calc: vx=0.00, vy=1.00, angle=90.0°, dir=down
[MOD:player_core_mod]	[PLAYER_CORE_MOD] Direction calc: vx=0.00, vy=1.00, angle=90.0°, dir=down
[MOD:player_core_mod]	[PLAYER_CORE_MOD] Direction calc: vx=0.00, vy=1.00, angle=90.0°, dir=down
[MOD:player_core_mod]	[PLAYER_CORE_MOD] Direction calc: vx=0.00, vy=1.00, angle=90.0°, dir=down
[MOD:player_core_mod]	[PLAYER_CORE_MOD] Direction calc: vx=0.00, vy=1.00, angle=90.0°, dir=down
[MOD:player_core_mod]	[PLAYER_CORE_MOD] Direction calc: vx=0.00, vy=1.00, angle=90.0°, dir=down
[MOD:player_core_mod]	[PLAYER_CORE_MOD] Direction calc: vx=0.00, vy=1.00, angle=90.0°, dir=down
[MOD:player_core_mod]	[PLAYER_CORE_MOD] Direction calc: vx=0.00, vy=1.00, angle=90.0°, dir=down
[MOD:player_core_mod]	[PLAYER_CORE_MOD] Direction calc: vx=0.00, vy=1.00, angle=90.0°, dir=down
[MOD:player_core_mod]	[PLAYER_CORE_MOD] Direction calc: vx=0.00, vy=1.00, angle=90.0°, dir=down
[MOD:player_core_mod]	[PLAYER_CORE_MOD] Direction calc: vx=0.00, vy=1.00, angle=90.0°, dir=down
[MOD:player_core_mod]	[PLAYER_CORE_MOD] Direction calc: vx=0.00, vy=1.00, angle=90.0°, dir=down
[MOD:player_core_mod]	[PLAYER_CORE_MOD] Direction calc: vx=0.00, vy=1.00, angle=90.0°, dir=down
[MOD:weapons_core_mod] [DEBUG] Mouse press handler triggered - button: 1
[MOD:weapons_core_mod] [DEBUG] handleShoot called - button: 1, x: 281, y: 319
[MOD:weapons_core_mod] [DEBUG] Weapon: Shotgun, cooldown: 0.83
[MOD:weapons_core_mod] [DEBUG] Weapon on cooldown, remaining: 0.83
[MOD:player_core_mod]	[PLAYER_CORE_MOD] Direction calc: vx=0.71, vy=0.71, angle=45.0°, dir=down_right
[MOD:player_core_mod]	[PLAYER_CORE_MOD] Direction calc: vx=0.71, vy=0.71, angle=45.0°, dir=down_right
[MOD:player_core_mod]	[PLAYER_CORE_MOD] Direction calc: vx=0.71, vy=0.71, angle=45.0°, dir=down_right
[MOD:player_core_mod]	[PLAYER_CORE_MOD] Direction calc: vx=0.71, vy=0.71, angle=45.0°, dir=down_right
[MOD:weapons_core_mod] [DEBUG] Mouse release handler triggered - button: 1
[MOD:player_core_mod]	[PLAYER_CORE_MOD] Direction calc: vx=0.71, vy=0.71, angle=45.0°, dir=down_right
[MOD:player_core_mod]	[PLAYER_CORE_MOD] Direction calc: vx=0.71, vy=0.71, angle=45.0°, dir=down_right
[MOD:player_core_mod]	[PLAYER_CORE_MOD] Direction calc: vx=0.71, vy=0.71, angle=45.0°, dir=down_right
[MOD:player_core_mod]	[PLAYER_CORE_MOD] Direction calc: vx=0.71, vy=0.71, angle=45.0°, dir=down_right
[MOD:player_core_mod]	[PLAYER_CORE_MOD] Direction calc: vx=0.71, vy=0.71, angle=45.0°, dir=down_right
[MOD:player_core_mod]	[PLAYER_CORE_MOD] Direction calc: vx=0.71, vy=0.71, angle=45.0°, dir=down_right
[MOD:player_core_mod]	[PLAYER_CORE_MOD] Direction calc: vx=0.71, vy=0.71, angle=45.0°, dir=down_right
[MOD:player_core_mod]	[PLAYER_CORE_MOD] Direction calc: vx=0.71, vy=0.71, angle=45.0°, dir=down_right
[MOD:player_core_mod]	[PLAYER_CORE_MOD] Direction calc: vx=0.71, vy=0.71, angle=45.0°, dir=down_right
[MOD:player_core_mod]	[PLAYER_CORE_MOD] Direction calc: vx=0.71, vy=0.71, angle=45.0°, dir=down_right
[MOD:player_core_mod]	[PLAYER_CORE_MOD] Direction calc: vx=0.71, vy=0.71, angle=45.0°, dir=down_right
[MOD:player_core_mod]	[PLAYER_CORE_MOD] Direction calc: vx=0.71, vy=0.71, angle=45.0°, dir=down_right
[MOD:player_core_mod]	[PLAYER_CORE_MOD] Direction calc: vx=0.71, vy=0.71, angle=45.0°, dir=down_right
[MOD:player_core_mod]	[PLAYER_CORE_MOD] Direction calc: vx=0.71, vy=0.71, angle=45.0°, dir=down_right
[MOD:player_core_mod]	[PLAYER_CORE_MOD] Direction calc: vx=0.71, vy=0.71, angle=45.0°, dir=down_right
[rendererPlus] Debug placeholder: Missing texture 'nil'
[rendererPlus] Debug placeholder: Missing texture 'nil'
[rendererPlus] Debug placeholder: Missing texture 'nil'
[rendererPlus] Debug placeholder: Missing texture 'nil'
[rendererPlus] Debug placeholder: Missing texture 'nil'
[rendererPlus] Debug placeholder: Missing texture 'nil'
[rendererPlus] Debug placeholder: Missing texture 'nil'
[MOD:player_core_mod]	[PLAYER_CORE_MOD DEBUG] Update call #1260
[rendererPlus] Debug placeholder: Missing texture 'nil'
[rendererPlus] Debug placeholder: Missing texture 'nil'
[rendererPlus] Debug placeholder: Missing texture 'nil'
[rendererPlus] Debug placeholder: Missing texture 'nil'
[rendererPlus] Debug placeholder: Missing texture 'nil'
[rendererPlus] Debug placeholder: Missing texture 'nil'
[rendererPlus] Debug placeholder: Missing texture 'nil'
[rendererPlus] Debug placeholder: Missing texture 'nil'
[rendererPlus] Debug placeholder: Missing texture 'nil'
[rendererPlus] Debug placeholder: Missing texture 'nil'
[rendererPlus] Debug placeholder: Missing texture 'nil'
[rendererPlus] Debug placeholder: Missing texture 'nil'
[rendererPlus] Debug placeholder: Missing texture 'nil'
[rendererPlus] Debug placeholder: Missing texture 'nil'
[rendererPlus] Debug placeholder: Missing texture 'nil'
[rendererPlus] Debug placeholder: Missing texture 'nil'
[rendererPlus] Debug placeholder: Missing texture 'nil'
[rendererPlus] Debug placeholder: Missing texture 'nil'
[rendererPlus] Debug placeholder: Missing texture 'nil'
[rendererPlus] Debug placeholder: Missing texture 'nil'
[rendererPlus] Debug placeholder: Missing texture 'nil'
[rendererPlus] Debug placeholder: Missing texture 'nil'
[rendererPlus] Debug placeholder: Missing texture 'nil'
[rendererPlus] Debug placeholder: Missing texture 'nil'
[rendererPlus] Debug placeholder: Missing texture 'nil'
[rendererPlus] Debug placeholder: Missing texture 'nil'
[rendererPlus] Debug placeholder: Missing texture 'nil'
[rendererPlus] Debug placeholder: Missing texture 'nil'
[rendererPlus] Debug placeholder: Missing texture 'nil'
[rendererPlus] Debug placeholder: Missing texture 'nil'
[MOD:player_core_mod]	[PLAYER_CORE_MOD] State: WALKING, Direction: down_right
[MOD:player_core_mod]	[PLAYER_CORE_MOD] Direction calc: vx=0.71, vy=-0.71, angle=-45.0°, dir=up_right
[MOD:player_core_mod]	[PLAYER_CORE_MOD] Direction calc: vx=0.00, vy=-1.00, angle=-90.0°, dir=up
[MOD:player_core_mod]	[PLAYER_CORE_MOD] Direction calc: vx=0.00, vy=-1.00, angle=-90.0°, dir=up
[MOD:player_core_mod]	[PLAYER_CORE_MOD] Direction calc: vx=0.00, vy=-1.00, angle=-90.0°, dir=up
[MOD:player_core_mod]	[PLAYER_CORE_MOD] Direction calc: vx=0.00, vy=-1.00, angle=-90.0°, dir=up
[MOD:player_core_mod]	[PLAYER_CORE_MOD] Direction calc: vx=0.00, vy=-1.00, angle=-90.0°, dir=up
[MOD:player_core_mod]	[PLAYER_CORE_MOD] Direction calc: vx=0.71, vy=-0.71, angle=-45.0°, dir=up_right
[MOD:player_core_mod]	[PLAYER_CORE_MOD] Direction calc: vx=0.71, vy=-0.71, angle=-45.0°, dir=up_right
[MOD:player_core_mod]	[PLAYER_CORE_MOD] Direction calc: vx=0.71, vy=-0.71, angle=-45.0°, dir=up_right
[MOD:player_core_mod]	[PLAYER_CORE_MOD] Direction calc: vx=0.71, vy=-0.71, angle=-45.0°, dir=up_right
[MOD:player_core_mod]	[PLAYER_CORE_MOD] Direction calc: vx=0.71, vy=-0.71, angle=-45.0°, dir=up_right
[MOD:player_core_mod]	[PLAYER_CORE_MOD] Direction calc: vx=0.71, vy=-0.71, angle=-45.0°, dir=up_right
[MOD:player_core_mod]	[PLAYER_CORE_MOD] Direction calc: vx=0.71, vy=-0.71, angle=-45.0°, dir=up_right
[MOD:player_core_mod]	[PLAYER_CORE_MOD] Direction calc: vx=0.71, vy=-0.71, angle=-45.0°, dir=up_right
[MOD:player_core_mod]	[PLAYER_CORE_MOD] Direction calc: vx=0.71, vy=-0.71, angle=-45.0°, dir=up_right
[MOD:player_core_mod]	[PLAYER_CORE_MOD] Direction calc: vx=0.71, vy=-0.71, angle=-45.0°, dir=up_right
[MOD:weapons_core_mod] [DEBUG] Mouse press handler triggered - button: 1
[MOD:weapons_core_mod] [DEBUG] handleShoot called - button: 1, x: 385, y: 283
[MOD:weapons_core_mod] [DEBUG] Weapon: Shotgun, cooldown: 0.83
[MOD:weapons_core_mod] [DEBUG] Weapon on cooldown, remaining: 0.83
[MOD:player_core_mod]	[PLAYER_CORE_MOD] Direction calc: vx=0.71, vy=-0.71, angle=-45.0°, dir=up_right
[MOD:player_core_mod]	[PLAYER_CORE_MOD] Direction calc: vx=0.71, vy=-0.71, angle=-45.0°, dir=up_right
[MOD:player_core_mod]	[PLAYER_CORE_MOD] Direction calc: vx=1.00, vy=0.00, angle=0.0°, dir=right
[MOD:player_core_mod]	[PLAYER_CORE_MOD] Direction calc: vx=1.00, vy=0.00, angle=0.0°, dir=right
[MOD:player_core_mod]	[PLAYER_CORE_MOD] Direction calc: vx=1.00, vy=0.00, angle=0.0°, dir=right
[MOD:player_core_mod]	[PLAYER_CORE_MOD] Direction calc: vx=1.00, vy=0.00, angle=0.0°, dir=right
[MOD:player_core_mod]	[PLAYER_CORE_MOD] Direction calc: vx=1.00, vy=0.00, angle=0.0°, dir=right
[MOD:player_core_mod]	[PLAYER_CORE_MOD] Direction calc: vx=1.00, vy=0.00, angle=0.0°, dir=right
[MOD:player_core_mod]	[PLAYER_CORE_MOD] Direction calc: vx=1.00, vy=0.00, angle=0.0°, dir=right
[MOD:weapons_core_mod] [DEBUG] Mouse release handler triggered - button: 1
[MOD:player_core_mod]	[PLAYER_CORE_MOD] Direction calc: vx=1.00, vy=0.00, angle=0.0°, dir=right
[MOD:player_core_mod]	[PLAYER_CORE_MOD] Direction calc: vx=1.00, vy=0.00, angle=0.0°, dir=right
[MOD:player_core_mod]	[PLAYER_CORE_MOD] Direction calc: vx=1.00, vy=0.00, angle=0.0°, dir=right
[MOD:player_core_mod]	[PLAYER_CORE_MOD] Direction calc: vx=1.00, vy=0.00, angle=0.0°, dir=right
[MOD:player_core_mod]	[PLAYER_CORE_MOD] Direction calc: vx=1.00, vy=0.00, angle=0.0°, dir=right
[MOD:player_core_mod]	[PLAYER_CORE_MOD DEBUG] Update call #1320
[MOD:player_core_mod]	[PLAYER_CORE_MOD] State: IDLE, Direction: right
[MOD:player_core_mod]	[PLAYER_CORE_MOD] State: WALKING, Direction: right
[MOD:player_core_mod]	[PLAYER_CORE_MOD] Direction calc: vx=0.00, vy=-1.00, angle=-90.0°, dir=up
[rendererPlus] GC collected: 1199.27 KB
[MOD:player_core_mod]	[PLAYER_CORE_MOD] Direction calc: vx=0.00, vy=-1.00, angle=-90.0°, dir=up
[MOD:player_core_mod]	[PLAYER_CORE_MOD] Direction calc: vx=0.00, vy=-1.00, angle=-90.0°, dir=up
[MOD:player_core_mod]	[PLAYER_CORE_MOD] Direction calc: vx=0.00, vy=-1.00, angle=-90.0°, dir=up
[MOD:player_core_mod]	[PLAYER_CORE_MOD] Direction calc: vx=0.00, vy=-1.00, angle=-90.0°, dir=up
[MOD:player_core_mod]	[PLAYER_CORE_MOD] Direction calc: vx=-0.71, vy=-0.71, angle=-135.0°, dir=up_left
[MOD:player_core_mod]	[PLAYER_CORE_MOD] Direction calc: vx=-0.71, vy=-0.71, angle=-135.0°, dir=up_left
[MOD:player_core_mod]	[PLAYER_CORE_MOD] Direction calc: vx=-0.71, vy=-0.71, angle=-135.0°, dir=up_left
[MOD:player_core_mod]	[PLAYER_CORE_MOD] Direction calc: vx=-0.71, vy=-0.71, angle=-135.0°, dir=up_left
[MOD:player_core_mod]	[PLAYER_CORE_MOD] Direction calc: vx=-0.71, vy=-0.71, angle=-135.0°, dir=up_left
[MOD:player_core_mod]	[PLAYER_CORE_MOD] Direction calc: vx=-0.71, vy=-0.71, angle=-135.0°, dir=up_left
[MOD:player_core_mod]	[PLAYER_CORE_MOD] Direction calc: vx=-0.71, vy=-0.71, angle=-135.0°, dir=up_left
[MOD:player_core_mod]	[PLAYER_CORE_MOD] Direction calc: vx=-0.71, vy=-0.71, angle=-135.0°, dir=up_left
[MOD:player_core_mod]	[PLAYER_CORE_MOD] Direction calc: vx=-0.71, vy=-0.71, angle=-135.0°, dir=up_left
[MOD:player_core_mod]	[PLAYER_CORE_MOD] Direction calc: vx=-0.71, vy=-0.71, angle=-135.0°, dir=up_left
[MOD:player_core_mod]	[PLAYER_CORE_MOD] Direction calc: vx=-0.71, vy=-0.71, angle=-135.0°, dir=up_left
[MOD:player_core_mod]	[PLAYER_CORE_MOD] Direction calc: vx=-0.71, vy=-0.71, angle=-135.0°, dir=up_left
[MOD:player_core_mod]	[PLAYER_CORE_MOD] Direction calc: vx=-0.71, vy=-0.71, angle=-135.0°, dir=up_left
[MOD:player_core_mod]	[PLAYER_CORE_MOD] Direction calc: vx=-0.71, vy=-0.71, angle=-135.0°, dir=up_left
[MOD:player_core_mod]	[PLAYER_CORE_MOD] Direction calc: vx=-0.71, vy=-0.71, angle=-135.0°, dir=up_left
[MOD:player_core_mod]	[PLAYER_CORE_MOD] Direction calc: vx=-0.71, vy=-0.71, angle=-135.0°, dir=up_left
[MOD:player_core_mod]	[PLAYER_CORE_MOD] Direction calc: vx=-0.71, vy=-0.71, angle=-135.0°, dir=up_left
[MOD:player_core_mod]	[PLAYER_CORE_MOD] Direction calc: vx=-0.71, vy=-0.71, angle=-135.0°, dir=up_left
[MOD:player_core_mod]	[PLAYER_CORE_MOD] Direction calc: vx=-0.71, vy=-0.71, angle=-135.0°, dir=up_left
[MOD:player_core_mod]	[PLAYER_CORE_MOD] Direction calc: vx=-0.71, vy=-0.71, angle=-135.0°, dir=up_left
[MOD:player_core_mod]	[PLAYER_CORE_MOD] Direction calc: vx=-0.71, vy=-0.71, angle=-135.0°, dir=up_left
[MOD:player_core_mod]	[PLAYER_CORE_MOD] Direction calc: vx=-0.71, vy=-0.71, angle=-135.0°, dir=up_left
[MOD:player_core_mod]	[PLAYER_CORE_MOD] Direction calc: vx=-0.71, vy=-0.71, angle=-135.0°, dir=up_left
[MOD:player_core_mod]	[PLAYER_CORE_MOD] Direction calc: vx=-0.71, vy=-0.71, angle=-135.0°, dir=up_left
[MOD:player_core_mod]	[PLAYER_CORE_MOD] Direction calc: vx=-0.71, vy=-0.71, angle=-135.0°, dir=up_left
[MOD:player_core_mod]	[PLAYER_CORE_MOD] Direction calc: vx=-0.71, vy=-0.71, angle=-135.0°, dir=up_left
[MOD:player_core_mod]	[PLAYER_CORE_MOD] Direction calc: vx=-0.71, vy=-0.71, angle=-135.0°, dir=up_left
[MOD:player_core_mod]	[PLAYER_CORE_MOD] Direction calc: vx=-0.71, vy=-0.71, angle=-135.0°, dir=up_left
[MOD:player_core_mod]	[PLAYER_CORE_MOD] Direction calc: vx=-0.71, vy=-0.71, angle=-135.0°, dir=up_left
[MOD:player_core_mod]	[PLAYER_CORE_MOD] Direction calc: vx=-0.71, vy=-0.71, angle=-135.0°, dir=up_left
[MOD:player_core_mod]	[PLAYER_CORE_MOD] Direction calc: vx=-0.71, vy=-0.71, angle=-135.0°, dir=up_left
[MOD:player_core_mod]	[PLAYER_CORE_MOD] Direction calc: vx=-0.71, vy=-0.71, angle=-135.0°, dir=up_left
[MOD:player_core_mod]	[PLAYER_CORE_MOD] Direction calc: vx=-0.71, vy=-0.71, angle=-135.0°, dir=up_left
[MOD:player_core_mod]	[PLAYER_CORE_MOD] Direction calc: vx=-0.71, vy=-0.71, angle=-135.0°, dir=up_left
[MOD:player_core_mod]	[PLAYER_CORE_MOD] Direction calc: vx=-0.71, vy=-0.71, angle=-135.0°, dir=up_left
[MOD:player_core_mod]	[PLAYER_CORE_MOD] Direction calc: vx=-0.71, vy=-0.71, angle=-135.0°, dir=up_left
[MOD:player_core_mod]	[PLAYER_CORE_MOD] Direction calc: vx=-0.71, vy=-0.71, angle=-135.0°, dir=up_left
[MOD:player_core_mod]	[PLAYER_CORE_MOD] Direction calc: vx=-0.71, vy=-0.71, angle=-135.0°, dir=up_left
[MOD:player_core_mod]	[PLAYER_CORE_MOD] Direction calc: vx=-0.71, vy=-0.71, angle=-135.0°, dir=up_left
[MOD:player_core_mod]	[PLAYER_CORE_MOD] Direction calc: vx=-0.71, vy=-0.71, angle=-135.0°, dir=up_left
[MOD:player_core_mod]	[PLAYER_CORE_MOD] Direction calc: vx=-0.71, vy=-0.71, angle=-135.0°, dir=up_left
[MOD:player_core_mod]	[PLAYER_CORE_MOD] Direction calc: vx=-0.71, vy=-0.71, angle=-135.0°, dir=up_left
[MOD:player_core_mod]	[PLAYER_CORE_MOD] Direction calc: vx=-0.71, vy=-0.71, angle=-135.0°, dir=up_left
[MOD:player_core_mod]	[PLAYER_CORE_MOD] Direction calc: vx=-0.71, vy=-0.71, angle=-135.0°, dir=up_left
[MOD:player_core_mod]	[PLAYER_CORE_MOD] Direction calc: vx=-0.71, vy=-0.71, angle=-135.0°, dir=up_left
[MOD:player_core_mod]	[PLAYER_CORE_MOD] Direction calc: vx=-0.71, vy=-0.71, angle=-135.0°, dir=up_left
[MOD:player_core_mod]	[PLAYER_CORE_MOD] Direction calc: vx=-0.71, vy=-0.71, angle=-135.0°, dir=up_left
[MOD:player_core_mod]	[PLAYER_CORE_MOD] Direction calc: vx=-0.71, vy=-0.71, angle=-135.0°, dir=up_left
[MOD:player_core_mod]	[PLAYER_CORE_MOD] Direction calc: vx=-0.71, vy=-0.71, angle=-135.0°, dir=up_left
[MOD:player_core_mod]	[PLAYER_CORE_MOD] Direction calc: vx=-0.71, vy=-0.71, angle=-135.0°, dir=up_left
[MOD:player_core_mod]	[PLAYER_CORE_MOD] Direction calc: vx=-0.71, vy=-0.71, angle=-135.0°, dir=up_left
[MOD:player_core_mod]	[PLAYER_CORE_MOD] Direction calc: vx=-0.71, vy=-0.71, angle=-135.0°, dir=up_left
[MOD:player_core_mod]	[PLAYER_CORE_MOD] Direction calc: vx=-0.71, vy=-0.71, angle=-135.0°, dir=up_left
[MOD:player_core_mod]	[PLAYER_CORE_MOD DEBUG] Update call #1380
[MOD:player_core_mod]	[PLAYER_CORE_MOD] Direction calc: vx=-0.71, vy=-0.71, angle=-135.0°, dir=up_left
[MOD:player_core_mod]	[PLAYER_CORE_MOD] Direction calc: vx=-0.71, vy=-0.71, angle=-135.0°, dir=up_left
[MOD:player_core_mod]	[PLAYER_CORE_MOD] Direction calc: vx=-0.71, vy=-0.71, angle=-135.0°, dir=up_left
[MOD:player_core_mod]	[PLAYER_CORE_MOD] Direction calc: vx=-0.71, vy=-0.71, angle=-135.0°, dir=up_left
[MOD:player_core_mod]	[PLAYER_CORE_MOD] Direction calc: vx=-0.71, vy=-0.71, angle=-135.0°, dir=up_left
[MOD:player_core_mod]	[PLAYER_CORE_MOD] Direction calc: vx=-0.71, vy=-0.71, angle=-135.0°, dir=up_left
[MOD:player_core_mod]	[PLAYER_CORE_MOD] Direction calc: vx=-0.71, vy=-0.71, angle=-135.0°, dir=up_left
[MOD:player_core_mod]	[PLAYER_CORE_MOD] Direction calc: vx=-0.71, vy=-0.71, angle=-135.0°, dir=up_left
[MOD:player_core_mod]	[PLAYER_CORE_MOD] Direction calc: vx=-0.71, vy=-0.71, angle=-135.0°, dir=up_left
[MOD:player_core_mod]	[PLAYER_CORE_MOD] Direction calc: vx=-0.71, vy=-0.71, angle=-135.0°, dir=up_left
[MOD:player_core_mod]	[PLAYER_CORE_MOD] Direction calc: vx=-0.71, vy=-0.71, angle=-135.0°, dir=up_left
[MOD:player_core_mod]	[PLAYER_CORE_MOD] Direction calc: vx=-0.71, vy=-0.71, angle=-135.0°, dir=up_left
[MOD:player_core_mod]	[PLAYER_CORE_MOD] Direction calc: vx=-0.71, vy=-0.71, angle=-135.0°, dir=up_left
[MOD:player_core_mod]	[PLAYER_CORE_MOD] Direction calc: vx=-0.71, vy=-0.71, angle=-135.0°, dir=up_left
[MOD:player_core_mod]	[PLAYER_CORE_MOD] Direction calc: vx=-0.71, vy=-0.71, angle=-135.0°, dir=up_left
[MOD:player_core_mod]	[PLAYER_CORE_MOD] Direction calc: vx=-0.71, vy=-0.71, angle=-135.0°, dir=up_left
[MOD:player_core_mod]	[PLAYER_CORE_MOD] Direction calc: vx=-0.71, vy=-0.71, angle=-135.0°, dir=up_left
[MOD:player_core_mod]	[PLAYER_CORE_MOD] Direction calc: vx=-0.71, vy=-0.71, angle=-135.0°, dir=up_left
[MOD:player_core_mod]	[PLAYER_CORE_MOD] Direction calc: vx=-0.71, vy=-0.71, angle=-135.0°, dir=up_left
[MOD:player_core_mod]	[PLAYER_CORE_MOD] Direction calc: vx=-0.71, vy=-0.71, angle=-135.0°, dir=up_left
[MOD:player_core_mod]	[PLAYER_CORE_MOD] Direction calc: vx=-0.71, vy=-0.71, angle=-135.0°, dir=up_left
[MOD:player_core_mod]	[PLAYER_CORE_MOD] Direction calc: vx=-0.71, vy=-0.71, angle=-135.0°, dir=up_left
[MOD:player_core_mod]	[PLAYER_CORE_MOD] Direction calc: vx=-0.71, vy=-0.71, angle=-135.0°, dir=up_left
[MOD:player_core_mod]	[PLAYER_CORE_MOD] Direction calc: vx=-0.71, vy=-0.71, angle=-135.0°, dir=up_left
[MOD:player_core_mod]	[PLAYER_CORE_MOD] Direction calc: vx=-0.71, vy=-0.71, angle=-135.0°, dir=up_left
[MOD:player_core_mod]	[PLAYER_CORE_MOD] Direction calc: vx=-0.71, vy=-0.71, angle=-135.0°, dir=up_left
[MOD:player_core_mod]	[PLAYER_CORE_MOD] Direction calc: vx=-0.71, vy=-0.71, angle=-135.0°, dir=up_left
[MOD:player_core_mod]	[PLAYER_CORE_MOD] Direction calc: vx=-0.71, vy=-0.71, angle=-135.0°, dir=up_left
[MOD:player_core_mod]	[PLAYER_CORE_MOD] Direction calc: vx=-0.71, vy=-0.71, angle=-135.0°, dir=up_left
[MOD:player_core_mod]	[PLAYER_CORE_MOD] Direction calc: vx=-0.71, vy=-0.71, angle=-135.0°, dir=up_left
[MOD:player_core_mod]	[PLAYER_CORE_MOD] Direction calc: vx=-0.71, vy=-0.71, angle=-135.0°, dir=up_left
[MOD:player_core_mod]	[PLAYER_CORE_MOD] Direction calc: vx=-0.71, vy=-0.71, angle=-135.0°, dir=up_left
[MOD:player_core_mod]	[PLAYER_CORE_MOD] Direction calc: vx=-0.71, vy=-0.71, angle=-135.0°, dir=up_left
[MOD:player_core_mod]	[PLAYER_CORE_MOD] Direction calc: vx=-0.71, vy=-0.71, angle=-135.0°, dir=up_left
[MOD:player_core_mod]	[PLAYER_CORE_MOD] Direction calc: vx=-0.71, vy=-0.71, angle=-135.0°, dir=up_left
[MOD:player_core_mod]	[PLAYER_CORE_MOD] Direction calc: vx=-0.71, vy=-0.71, angle=-135.0°, dir=up_left
[MOD:player_core_mod]	[PLAYER_CORE_MOD] Direction calc: vx=-0.71, vy=-0.71, angle=-135.0°, dir=up_left
[MOD:player_core_mod]	[PLAYER_CORE_MOD] Direction calc: vx=-0.71, vy=-0.71, angle=-135.0°, dir=up_left
[MOD:player_core_mod]	[PLAYER_CORE_MOD] Direction calc: vx=-0.71, vy=-0.71, angle=-135.0°, dir=up_left
[MOD:player_core_mod]	[PLAYER_CORE_MOD] Direction calc: vx=-0.71, vy=-0.71, angle=-135.0°, dir=up_left
[MOD:player_core_mod]	[PLAYER_CORE_MOD] Direction calc: vx=-0.71, vy=-0.71, angle=-135.0°, dir=up_left
[MOD:player_core_mod]	[PLAYER_CORE_MOD] Direction calc: vx=-0.71, vy=-0.71, angle=-135.0°, dir=up_left
[MOD:player_core_mod]	[PLAYER_CORE_MOD] Direction calc: vx=-0.71, vy=-0.71, angle=-135.0°, dir=up_left
[MOD:player_core_mod]	[PLAYER_CORE_MOD] Direction calc: vx=-0.71, vy=-0.71, angle=-135.0°, dir=up_left
[MOD:player_core_mod]	[PLAYER_CORE_MOD] Direction calc: vx=-0.71, vy=-0.71, angle=-135.0°, dir=up_left
[MOD:player_core_mod]	[PLAYER_CORE_MOD] Direction calc: vx=-0.71, vy=-0.71, angle=-135.0°, dir=up_left
[MOD:player_core_mod]	[PLAYER_CORE_MOD] Direction calc: vx=-0.71, vy=-0.71, angle=-135.0°, dir=up_left
[MOD:player_core_mod]	[PLAYER_CORE_MOD] Direction calc: vx=-0.71, vy=-0.71, angle=-135.0°, dir=up_left
[MOD:player_core_mod]	[PLAYER_CORE_MOD] Direction calc: vx=-0.71, vy=-0.71, angle=-135.0°, dir=up_left
[MOD:player_core_mod]	[PLAYER_CORE_MOD] Direction calc: vx=-0.71, vy=-0.71, angle=-135.0°, dir=up_left
[MOD:player_core_mod]	[PLAYER_CORE_MOD] Direction calc: vx=-0.71, vy=-0.71, angle=-135.0°, dir=up_left
[MOD:player_core_mod]	[PLAYER_CORE_MOD] Direction calc: vx=-0.71, vy=-0.71, angle=-135.0°, dir=up_left
[MOD:player_core_mod]	[PLAYER_CORE_MOD] Direction calc: vx=-0.71, vy=-0.71, angle=-135.0°, dir=up_left
[MOD:player_core_mod]	[PLAYER_CORE_MOD] Direction calc: vx=-0.71, vy=-0.71, angle=-135.0°, dir=up_left
[MOD:player_core_mod]	[PLAYER_CORE_MOD] Direction calc: vx=-0.71, vy=-0.71, angle=-135.0°, dir=up_left
[MOD:player_core_mod]	[PLAYER_CORE_MOD] Direction calc: vx=-0.71, vy=-0.71, angle=-135.0°, dir=up_left
[MOD:player_core_mod]	[PLAYER_CORE_MOD] Direction calc: vx=-0.71, vy=-0.71, angle=-135.0°, dir=up_left
[MOD:player_core_mod]	[PLAYER_CORE_MOD] Direction calc: vx=-0.71, vy=-0.71, angle=-135.0°, dir=up_left
[MOD:player_core_mod]	[PLAYER_CORE_MOD] Direction calc: vx=-0.71, vy=-0.71, angle=-135.0°, dir=up_left
[MOD:player_core_mod]	[PLAYER_CORE_MOD] Direction calc: vx=-0.71, vy=-0.71, angle=-135.0°, dir=up_left
[MOD:player_core_mod]	[PLAYER_CORE_MOD DEBUG] Update call #1440
[MOD:player_core_mod]	[PLAYER_CORE_MOD] Direction calc: vx=-0.71, vy=-0.71, angle=-135.0°, dir=up_left
[MOD:player_core_mod]	[PLAYER_CORE_MOD] Direction calc: vx=-0.71, vy=-0.71, angle=-135.0°, dir=up_left
[MOD:player_core_mod]	[PLAYER_CORE_MOD] Direction calc: vx=-0.71, vy=-0.71, angle=-135.0°, dir=up_left
[MOD:player_core_mod]	[PLAYER_CORE_MOD] Direction calc: vx=-0.71, vy=-0.71, angle=-135.0°, dir=up_left
[rendererPlus] GC collected: 2405.39 KB
[MOD:player_core_mod]	[PLAYER_CORE_MOD] Direction calc: vx=-0.71, vy=-0.71, angle=-135.0°, dir=up_left
[MOD:player_core_mod]	[PLAYER_CORE_MOD] Direction calc: vx=-0.71, vy=-0.71, angle=-135.0°, dir=up_left
[MOD:player_core_mod]	[PLAYER_CORE_MOD] Direction calc: vx=-0.71, vy=-0.71, angle=-135.0°, dir=up_left
[MOD:player_core_mod]	[PLAYER_CORE_MOD] Direction calc: vx=-0.71, vy=-0.71, angle=-135.0°, dir=up_left
[MOD:player_core_mod]	[PLAYER_CORE_MOD] Direction calc: vx=-0.71, vy=-0.71, angle=-135.0°, dir=up_left
[MOD:player_core_mod]	[PLAYER_CORE_MOD] Direction calc: vx=-0.71, vy=-0.71, angle=-135.0°, dir=up_left
[MOD:player_core_mod]	[PLAYER_CORE_MOD] Direction calc: vx=-0.71, vy=-0.71, angle=-135.0°, dir=up_left
[MOD:player_core_mod]	[PLAYER_CORE_MOD] Direction calc: vx=-0.71, vy=-0.71, angle=-135.0°, dir=up_left
[MOD:player_core_mod]	[PLAYER_CORE_MOD] Direction calc: vx=-0.71, vy=-0.71, angle=-135.0°, dir=up_left
[rendererPlus] World queue size: 5
[MOD:player_core_mod]	[PLAYER_CORE_MOD] Direction calc: vx=-0.71, vy=-0.71, angle=-135.0°, dir=up_left
[MOD:player_core_mod]	[PLAYER_CORE_MOD] Direction calc: vx=-0.71, vy=-0.71, angle=-135.0°, dir=up_left
[MOD:player_core_mod]	[PLAYER_CORE_MOD] Direction calc: vx=-0.71, vy=-0.71, angle=-135.0°, dir=up_left
[MOD:player_core_mod]	[PLAYER_CORE_MOD] Direction calc: vx=-0.71, vy=-0.71, angle=-135.0°, dir=up_left
[MOD:player_core_mod]	[PLAYER_CORE_MOD] Direction calc: vx=-0.71, vy=-0.71, angle=-135.0°, dir=up_left
[MOD:player_core_mod]	[PLAYER_CORE_MOD] Direction calc: vx=-0.71, vy=-0.71, angle=-135.0°, dir=up_left
[MOD:player_core_mod]	[PLAYER_CORE_MOD] Direction calc: vx=-0.71, vy=-0.71, angle=-135.0°, dir=up_left
[rendererPlus] World queue size: 5
[rendererPlus] Debug placeholder: Missing texture 'nil'
[rendererPlus] Debug placeholder: Missing texture 'nil'
[rendererPlus] Debug placeholder: Missing texture 'nil'
[rendererPlus] Debug placeholder: Missing texture 'nil'
[rendererPlus] Debug placeholder: Missing texture 'nil'
[rendererPlus] Debug placeholder: Missing texture 'nil'
[rendererPlus] Debug placeholder: Missing texture 'nil'
[rendererPlus] Debug placeholder: Missing texture 'nil'
[rendererPlus] Debug placeholder: Missing texture 'nil'
[rendererPlus] Debug placeholder: Missing texture 'nil'
[rendererPlus] Debug placeholder: Missing texture 'nil'
[rendererPlus] Debug placeholder: Missing texture 'nil'
[rendererPlus] Debug placeholder: Missing texture 'nil'
[rendererPlus] Debug placeholder: Missing texture 'nil'
[rendererPlus] Debug placeholder: Missing texture 'nil'
[rendererPlus] Debug placeholder: Missing texture 'nil'
[rendererPlus] Debug placeholder: Missing texture 'nil'
[rendererPlus] Debug placeholder: Missing texture 'nil'
[MOD:player_core_mod]	[PLAYER_CORE_MOD] Player collision detected
[MOD:player_core_mod]	[PLAYER_CORE_MOD] Player collision detected
[rendererPlus] Debug placeholder: Missing texture 'nil'
[rendererPlus] Debug placeholder: Missing texture 'nil'
[rendererPlus] Debug placeholder: Missing texture 'nil'
[rendererPlus] Debug placeholder: Missing texture 'nil'
[rendererPlus] Debug placeholder: Missing texture 'nil'
[rendererPlus] Debug placeholder: Missing texture 'nil'
[rendererPlus] Debug placeholder: Missing texture 'nil'
[rendererPlus] Debug placeholder: Missing texture 'nil'
[rendererPlus] Debug placeholder: Missing texture 'nil'
[rendererPlus] Debug placeholder: Missing texture 'nil'
[rendererPlus] Debug placeholder: Missing texture 'nil'
[rendererPlus] Debug placeholder: Missing texture 'nil'
[rendererPlus] Debug placeholder: Missing texture 'nil'
[rendererPlus] Debug placeholder: Missing texture 'nil'
[rendererPlus] Debug placeholder: Missing texture 'nil'
[rendererPlus] Debug placeholder: Missing texture 'nil'
[rendererPlus] Debug placeholder: Missing texture 'nil'
[rendererPlus] Debug placeholder: Missing texture 'nil'
[rendererPlus] Debug placeholder: Missing texture 'nil'
[MOD:player_core_mod]	[PLAYER_CORE_MOD] State: WALKING, Direction: up_left
[MOD:player_core_mod]	[PLAYER_CORE_MOD] Direction calc: vx=-0.71, vy=-0.71, angle=-135.0°, dir=up_left
[rendererPlus] World queue size: 5
[MOD:player_core_mod]	[PLAYER_CORE_MOD] Direction calc: vx=-0.71, vy=-0.71, angle=-135.0°, dir=up_left
[MOD:player_core_mod]	[PLAYER_CORE_MOD] Direction calc: vx=-0.71, vy=-0.71, angle=-135.0°, dir=up_left
[MOD:player_core_mod]	[PLAYER_CORE_MOD DEBUG] Update call #1500
[MOD:player_core_mod]	[PLAYER_CORE_MOD] Direction calc: vx=-0.71, vy=-0.71, angle=-135.0°, dir=up_left
[MOD:player_core_mod]	[PLAYER_CORE_MOD] Direction calc: vx=-0.71, vy=-0.71, angle=-135.0°, dir=up_left
[MOD:player_core_mod]	[PLAYER_CORE_MOD] Direction calc: vx=-0.71, vy=-0.71, angle=-135.0°, dir=up_left
[MOD:player_core_mod]	[PLAYER_CORE_MOD] Direction calc: vx=-0.71, vy=-0.71, angle=-135.0°, dir=up_left
[MOD:player_core_mod]	[PLAYER_CORE_MOD] Direction calc: vx=-0.71, vy=-0.71, angle=-135.0°, dir=up_left
[MOD:player_core_mod]	[PLAYER_CORE_MOD] Direction calc: vx=-0.71, vy=-0.71, angle=-135.0°, dir=up_left
[MOD:player_core_mod]	[PLAYER_CORE_MOD] Player collision detected
[MOD:player_core_mod]	[PLAYER_CORE_MOD] Player collision detected
[MOD:player_core_mod]	[PLAYER_CORE_MOD] Direction calc: vx=-0.71, vy=-0.71, angle=-135.0°, dir=up_left
[MOD:player_core_mod]	[PLAYER_CORE_MOD] Direction calc: vx=-0.71, vy=-0.71, angle=-135.0°, dir=up_left
[MOD:player_core_mod]	[PLAYER_CORE_MOD] Direction calc: vx=0.00, vy=-1.00, angle=-90.0°, dir=up
[MOD:player_core_mod]	[PLAYER_CORE_MOD] Direction calc: vx=0.71, vy=-0.71, angle=-45.0°, dir=up_right
[MOD:player_core_mod]	[PLAYER_CORE_MOD] Direction calc: vx=0.71, vy=-0.71, angle=-45.0°, dir=up_right
[MOD:player_core_mod]	[PLAYER_CORE_MOD] Direction calc: vx=0.71, vy=-0.71, angle=-45.0°, dir=up_right
[MOD:player_core_mod]	[PLAYER_CORE_MOD] Direction calc: vx=0.71, vy=-0.71, angle=-45.0°, dir=up_right
[MOD:player_core_mod]	[PLAYER_CORE_MOD] Direction calc: vx=0.71, vy=-0.71, angle=-45.0°, dir=up_right
[MOD:player_core_mod]	[PLAYER_CORE_MOD] Direction calc: vx=1.00, vy=0.00, angle=0.0°, dir=right
[MOD:player_core_mod]	[PLAYER_CORE_MOD] Direction calc: vx=1.00, vy=0.00, angle=0.0°, dir=right
[MOD:player_core_mod]	[PLAYER_CORE_MOD] Direction calc: vx=1.00, vy=0.00, angle=0.0°, dir=right
[MOD:player_core_mod]	[PLAYER_CORE_MOD] Direction calc: vx=1.00, vy=0.00, angle=0.0°, dir=right
[MOD:player_core_mod]	[PLAYER_CORE_MOD] Direction calc: vx=1.00, vy=0.00, angle=0.0°, dir=right
[MOD:player_core_mod]	[PLAYER_CORE_MOD] Direction calc: vx=1.00, vy=0.00, angle=0.0°, dir=right
[MOD:player_core_mod]	[PLAYER_CORE_MOD] Direction calc: vx=1.00, vy=0.00, angle=0.0°, dir=right
[MOD:player_core_mod]	[PLAYER_CORE_MOD] Direction calc: vx=1.00, vy=0.00, angle=0.0°, dir=right
[MOD:player_core_mod]	[PLAYER_CORE_MOD] Direction calc: vx=1.00, vy=0.00, angle=0.0°, dir=right
[MOD:player_core_mod]	[PLAYER_CORE_MOD] Direction calc: vx=1.00, vy=0.00, angle=0.0°, dir=right
[MOD:player_core_mod]	[PLAYER_CORE_MOD] Direction calc: vx=1.00, vy=0.00, angle=0.0°, dir=right
[MOD:player_core_mod]	[PLAYER_CORE_MOD] Direction calc: vx=1.00, vy=0.00, angle=0.0°, dir=right
[MOD:player_core_mod]	[PLAYER_CORE_MOD] Direction calc: vx=1.00, vy=0.00, angle=0.0°, dir=right
[MOD:player_core_mod]	[PLAYER_CORE_MOD] Direction calc: vx=1.00, vy=0.00, angle=0.0°, dir=right
[MOD:player_core_mod]	[PLAYER_CORE_MOD] Direction calc: vx=1.00, vy=0.00, angle=0.0°, dir=right
[MOD:player_core_mod]	[PLAYER_CORE_MOD] Direction calc: vx=1.00, vy=0.00, angle=0.0°, dir=right
[MOD:player_core_mod]	[PLAYER_CORE_MOD] Direction calc: vx=1.00, vy=0.00, angle=0.0°, dir=right
[MOD:player_core_mod]	[PLAYER_CORE_MOD] Direction calc: vx=1.00, vy=0.00, angle=0.0°, dir=right
[MOD:player_core_mod]	[PLAYER_CORE_MOD] Direction calc: vx=1.00, vy=0.00, angle=0.0°, dir=right
[MOD:player_core_mod]	[PLAYER_CORE_MOD] Direction calc: vx=1.00, vy=0.00, angle=0.0°, dir=right
[MOD:player_core_mod]	[PLAYER_CORE_MOD] State: IDLE, Direction: right
[MOD:player_core_mod]	[PLAYER_CORE_MOD] State: WALKING, Direction: right
[MOD:player_core_mod]	[PLAYER_CORE_MOD] Direction calc: vx=-1.00, vy=0.00, angle=180.0°, dir=left
[MOD:player_core_mod]	[PLAYER_CORE_MOD] Direction calc: vx=-1.00, vy=0.00, angle=180.0°, dir=left
[MOD:player_core_mod]	[PLAYER_CORE_MOD] Direction calc: vx=-1.00, vy=0.00, angle=180.0°, dir=left
[MOD:player_core_mod]	[PLAYER_CORE_MOD] Direction calc: vx=-1.00, vy=0.00, angle=180.0°, dir=left
[MOD:player_core_mod]	[PLAYER_CORE_MOD] Direction calc: vx=-1.00, vy=0.00, angle=180.0°, dir=left
[MOD:player_core_mod]	[PLAYER_CORE_MOD] Direction calc: vx=-1.00, vy=0.00, angle=180.0°, dir=left
[MOD:player_core_mod]	[PLAYER_CORE_MOD] Direction calc: vx=-1.00, vy=0.00, angle=180.0°, dir=left
[MOD:player_core_mod]	[PLAYER_CORE_MOD] Direction calc: vx=-1.00, vy=0.00, angle=180.0°, dir=left
[MOD:player_core_mod]	[PLAYER_CORE_MOD] Direction calc: vx=-0.71, vy=-0.71, angle=-135.0°, dir=up_left
[MOD:player_core_mod]	[PLAYER_CORE_MOD] Direction calc: vx=-0.71, vy=-0.71, angle=-135.0°, dir=up_left
[MOD:player_core_mod]	[PLAYER_CORE_MOD] Direction calc: vx=-0.71, vy=-0.71, angle=-135.0°, dir=up_left
[MOD:player_core_mod]	[PLAYER_CORE_MOD] Direction calc: vx=-0.71, vy=-0.71, angle=-135.0°, dir=up_left
[MOD:player_core_mod]	[PLAYER_CORE_MOD] Direction calc: vx=-0.71, vy=-0.71, angle=-135.0°, dir=up_left
[MOD:player_core_mod]	[PLAYER_CORE_MOD] Direction calc: vx=0.00, vy=-1.00, angle=-90.0°, dir=up
[MOD:player_core_mod]	[PLAYER_CORE_MOD] Direction calc: vx=0.00, vy=-1.00, angle=-90.0°, dir=up
[MOD:player_core_mod]	[PLAYER_CORE_MOD] Direction calc: vx=0.71, vy=-0.71, angle=-45.0°, dir=up_right
[MOD:player_core_mod]	[PLAYER_CORE_MOD] Direction calc: vx=0.71, vy=-0.71, angle=-45.0°, dir=up_right
[MOD:player_core_mod]	[PLAYER_CORE_MOD] Direction calc: vx=0.71, vy=-0.71, angle=-45.0°, dir=up_right
[MOD:player_core_mod]	[PLAYER_CORE_MOD] Direction calc: vx=1.00, vy=0.00, angle=0.0°, dir=right
[MOD:player_core_mod]	[PLAYER_CORE_MOD] Player collision detected
[MOD:player_core_mod]	[PLAYER_CORE_MOD] Player collision detected
[MOD:player_core_mod]	[PLAYER_CORE_MOD] Direction calc: vx=1.00, vy=0.00, angle=0.0°, dir=right
[MOD:player_core_mod]	[PLAYER_CORE_MOD] Direction calc: vx=1.00, vy=0.00, angle=0.0°, dir=right
[MOD:player_core_mod]	[PLAYER_CORE_MOD DEBUG] Update call #1560
[MOD:player_core_mod]	[PLAYER_CORE_MOD] Direction calc: vx=1.00, vy=0.00, angle=0.0°, dir=right
[rendererPlus] GC collected: 4418.11 KB
[MOD:player_core_mod]	[PLAYER_CORE_MOD] Direction calc: vx=1.00, vy=0.00, angle=0.0°, dir=right
[MOD:player_core_mod]	[PLAYER_CORE_MOD] Direction calc: vx=1.00, vy=0.00, angle=0.0°, dir=right
[MOD:player_core_mod]	[PLAYER_CORE_MOD] Direction calc: vx=1.00, vy=0.00, angle=0.0°, dir=right
[MOD:player_core_mod]	[PLAYER_CORE_MOD] Direction calc: vx=1.00, vy=0.00, angle=0.0°, dir=right
[MOD:player_core_mod]	[PLAYER_CORE_MOD] Direction calc: vx=1.00, vy=0.00, angle=0.0°, dir=right
[MOD:player_core_mod]	[PLAYER_CORE_MOD] Direction calc: vx=1.00, vy=0.00, angle=0.0°, dir=right
[MOD:player_core_mod]	[PLAYER_CORE_MOD] State: IDLE, Direction: right
[MOD:player_core_mod]	[PLAYER_CORE_MOD] State: WALKING, Direction: right
[MOD:player_core_mod]	[PLAYER_CORE_MOD] Direction calc: vx=-1.00, vy=0.00, angle=180.0°, dir=left
[MOD:player_core_mod]	[PLAYER_CORE_MOD] Direction calc: vx=-1.00, vy=0.00, angle=180.0°, dir=left
[MOD:player_core_mod]	[PLAYER_CORE_MOD] Direction calc: vx=-1.00, vy=0.00, angle=180.0°, dir=left
[MOD:player_core_mod]	[PLAYER_CORE_MOD] Direction calc: vx=-1.00, vy=0.00, angle=180.0°, dir=left
[MOD:player_core_mod]	[PLAYER_CORE_MOD] Direction calc: vx=-1.00, vy=0.00, angle=180.0°, dir=left
[MOD:player_core_mod]	[PLAYER_CORE_MOD] Direction calc: vx=-0.71, vy=0.71, angle=135.0°, dir=down_left
[MOD:player_core_mod]	[PLAYER_CORE_MOD] Direction calc: vx=-0.71, vy=0.71, angle=135.0°, dir=down_left
[MOD:player_core_mod]	[PLAYER_CORE_MOD] Direction calc: vx=-0.71, vy=0.71, angle=135.0°, dir=down_left
[MOD:player_core_mod]	[PLAYER_CORE_MOD] Direction calc: vx=-0.71, vy=0.71, angle=135.0°, dir=down_left
[MOD:player_core_mod]	[PLAYER_CORE_MOD] Direction calc: vx=-0.71, vy=0.71, angle=135.0°, dir=down_left
[MOD:player_core_mod]	[PLAYER_CORE_MOD] Direction calc: vx=-0.71, vy=0.71, angle=135.0°, dir=down_left
[MOD:player_core_mod]	[PLAYER_CORE_MOD] Direction calc: vx=-0.71, vy=0.71, angle=135.0°, dir=down_left
[MOD:player_core_mod]	[PLAYER_CORE_MOD] Direction calc: vx=-0.71, vy=0.71, angle=135.0°, dir=down_left
[MOD:player_core_mod]	[PLAYER_CORE_MOD] Direction calc: vx=-0.71, vy=0.71, angle=135.0°, dir=down_left
[MOD:player_core_mod]	[PLAYER_CORE_MOD] Direction calc: vx=-0.71, vy=0.71, angle=135.0°, dir=down_left
[MOD:player_core_mod]	[PLAYER_CORE_MOD] Direction calc: vx=-0.71, vy=0.71, angle=135.0°, dir=down_left
[MOD:player_core_mod]	[PLAYER_CORE_MOD] Direction calc: vx=-0.71, vy=0.71, angle=135.0°, dir=down_left
[MOD:player_core_mod]	[PLAYER_CORE_MOD] Direction calc: vx=-0.71, vy=0.71, angle=135.0°, dir=down_left
[MOD:player_core_mod]	[PLAYER_CORE_MOD] Direction calc: vx=-0.71, vy=0.71, angle=135.0°, dir=down_left
[MOD:player_core_mod]	[PLAYER_CORE_MOD] Direction calc: vx=0.00, vy=1.00, angle=90.0°, dir=down
[MOD:player_core_mod]	[PLAYER_CORE_MOD] Direction calc: vx=0.71, vy=0.71, angle=45.0°, dir=down_right
[MOD:player_core_mod]	[PLAYER_CORE_MOD] Direction calc: vx=0.71, vy=0.71, angle=45.0°, dir=down_right
[MOD:player_core_mod]	[PLAYER_CORE_MOD] Direction calc: vx=0.71, vy=0.71, angle=45.0°, dir=down_right
[MOD:player_core_mod]	[PLAYER_CORE_MOD] Direction calc: vx=0.71, vy=0.71, angle=45.0°, dir=down_right
[MOD:player_core_mod]	[PLAYER_CORE_MOD] Direction calc: vx=1.00, vy=0.00, angle=0.0°, dir=right
[MOD:player_core_mod]	[PLAYER_CORE_MOD] Direction calc: vx=1.00, vy=0.00, angle=0.0°, dir=right
[MOD:player_core_mod]	[PLAYER_CORE_MOD] Direction calc: vx=1.00, vy=0.00, angle=0.0°, dir=right
[MOD:player_core_mod]	[PLAYER_CORE_MOD] Direction calc: vx=1.00, vy=0.00, angle=0.0°, dir=right
[MOD:player_core_mod]	[PLAYER_CORE_MOD] Direction calc: vx=1.00, vy=0.00, angle=0.0°, dir=right
[MOD:player_core_mod]	[PLAYER_CORE_MOD] Direction calc: vx=1.00, vy=0.00, angle=0.0°, dir=right
[MOD:player_core_mod]	[PLAYER_CORE_MOD] Direction calc: vx=1.00, vy=0.00, angle=0.0°, dir=right
[MOD:player_core_mod]	[PLAYER_CORE_MOD] Direction calc: vx=1.00, vy=0.00, angle=0.0°, dir=right
[MOD:player_core_mod]	[PLAYER_CORE_MOD] Direction calc: vx=1.00, vy=0.00, angle=0.0°, dir=right
[MOD:player_core_mod]	[PLAYER_CORE_MOD] Direction calc: vx=1.00, vy=0.00, angle=0.0°, dir=right
[MOD:player_core_mod]	[PLAYER_CORE_MOD] Direction calc: vx=1.00, vy=0.00, angle=0.0°, dir=right
[MOD:player_core_mod]	[PLAYER_CORE_MOD] Direction calc: vx=1.00, vy=0.00, angle=0.0°, dir=right
[MOD:player_core_mod]	[PLAYER_CORE_MOD] Direction calc: vx=1.00, vy=0.00, angle=0.0°, dir=right
[MOD:player_core_mod]	[PLAYER_CORE_MOD] Direction calc: vx=1.00, vy=0.00, angle=0.0°, dir=right
[MOD:player_core_mod]	[PLAYER_CORE_MOD] Direction calc: vx=1.00, vy=0.00, angle=0.0°, dir=right
[MOD:player_core_mod]	[PLAYER_CORE_MOD] State: IDLE, Direction: right
[MOD:player_core_mod]	[PLAYER_CORE_MOD] State: WALKING, Direction: right
[MOD:player_core_mod]	[PLAYER_CORE_MOD] Direction calc: vx=0.00, vy=-1.00, angle=-90.0°, dir=up
[MOD:player_core_mod]	[PLAYER_CORE_MOD] Direction calc: vx=0.00, vy=-1.00, angle=-90.0°, dir=up
[MOD:player_core_mod]	[PLAYER_CORE_MOD] Direction calc: vx=0.00, vy=-1.00, angle=-90.0°, dir=up
[MOD:player_core_mod]	[PLAYER_CORE_MOD] Direction calc: vx=-0.71, vy=-0.71, angle=-135.0°, dir=up_left
[MOD:player_core_mod]	[PLAYER_CORE_MOD] Direction calc: vx=-0.71, vy=-0.71, angle=-135.0°, dir=up_left
[rendererPlus] World queue size: 4
[MOD:player_core_mod]	[PLAYER_CORE_MOD] Direction calc: vx=-0.71, vy=-0.71, angle=-135.0°, dir=up_left
[MOD:player_core_mod]	[PLAYER_CORE_MOD] Direction calc: vx=-0.71, vy=-0.71, angle=-135.0°, dir=up_left
[MOD:player_core_mod]	[PLAYER_CORE_MOD DEBUG] Update call #1620
[MOD:player_core_mod]	[PLAYER_CORE_MOD] Direction calc: vx=-0.71, vy=-0.71, angle=-135.0°, dir=up_left
[MOD:player_core_mod]	[PLAYER_CORE_MOD] Direction calc: vx=-0.71, vy=-0.71, angle=-135.0°, dir=up_left
[MOD:player_core_mod]	[PLAYER_CORE_MOD] Direction calc: vx=-0.71, vy=-0.71, angle=-135.0°, dir=up_left
[rendererPlus] Debug placeholder: Missing texture 'nil'
[rendererPlus] Debug placeholder: Missing texture 'nil'
[rendererPlus] Debug placeholder: Missing texture 'nil'
[rendererPlus] Debug placeholder: Missing texture 'nil'
[MOD:player_core_mod]	[PLAYER_CORE_MOD] Player collision detected
[MOD:player_core_mod]	[PLAYER_CORE_MOD] Player collision detected
[rendererPlus] Debug placeholder: Missing texture 'nil'
[rendererPlus] Debug placeholder: Missing texture 'nil'
[rendererPlus] Debug placeholder: Missing texture 'nil'
[rendererPlus] Debug placeholder: Missing texture 'nil'
[rendererPlus] Debug placeholder: Missing texture 'nil'
[rendererPlus] Debug placeholder: Missing texture 'nil'
[rendererPlus] Debug placeholder: Missing texture 'nil'
[rendererPlus] Debug placeholder: Missing texture 'nil'
[rendererPlus] Debug placeholder: Missing texture 'nil'
[rendererPlus] Debug placeholder: Missing texture 'nil'
[rendererPlus] Debug placeholder: Missing texture 'nil'
[rendererPlus] Debug placeholder: Missing texture 'nil'
[rendererPlus] Debug placeholder: Missing texture 'nil'
[rendererPlus] Debug placeholder: Missing texture 'nil'
[rendererPlus] Debug placeholder: Missing texture 'nil'
[rendererPlus] Debug placeholder: Missing texture 'nil'
[rendererPlus] Debug placeholder: Missing texture 'nil'
[rendererPlus] Debug placeholder: Missing texture 'nil'
[rendererPlus] Debug placeholder: Missing texture 'nil'
[rendererPlus] Debug placeholder: Missing texture 'nil'
[rendererPlus] Debug placeholder: Missing texture 'nil'
[rendererPlus] Debug placeholder: Missing texture 'nil'
[rendererPlus] Debug placeholder: Missing texture 'nil'
[rendererPlus] Debug placeholder: Missing texture 'nil'
[rendererPlus] Debug placeholder: Missing texture 'nil'
[rendererPlus] Debug placeholder: Missing texture 'nil'
[rendererPlus] Debug placeholder: Missing texture 'nil'
[rendererPlus] Debug placeholder: Missing texture 'nil'
[rendererPlus] Debug placeholder: Missing texture 'nil'
[rendererPlus] Debug placeholder: Missing texture 'nil'
[MOD:player_core_mod]	[PLAYER_CORE_MOD] State: WALKING, Direction: up_left
[MOD:player_core_mod]	[PLAYER_CORE_MOD] Direction calc: vx=1.00, vy=0.00, angle=0.0°, dir=right
[MOD:player_core_mod]	[PLAYER_CORE_MOD] Direction calc: vx=1.00, vy=0.00, angle=0.0°, dir=right
[MOD:player_core_mod]	[PLAYER_CORE_MOD] Direction calc: vx=1.00, vy=0.00, angle=0.0°, dir=right
[MOD:player_core_mod]	[PLAYER_CORE_MOD] Direction calc: vx=1.00, vy=0.00, angle=0.0°, dir=right
[MOD:player_core_mod]	[PLAYER_CORE_MOD] Direction calc: vx=1.00, vy=0.00, angle=0.0°, dir=right
[MOD:player_core_mod]	[PLAYER_CORE_MOD] State: IDLE, Direction: right
[MOD:player_core_mod]	[PLAYER_CORE_MOD] State: WALKING, Direction: right
[MOD:player_core_mod]	[PLAYER_CORE_MOD] Direction calc: vx=-1.00, vy=0.00, angle=180.0°, dir=left
[MOD:player_core_mod]	[PLAYER_CORE_MOD] Direction calc: vx=-1.00, vy=0.00, angle=180.0°, dir=left
[MOD:player_core_mod]	[PLAYER_CORE_MOD] Direction calc: vx=-1.00, vy=0.00, angle=180.0°, dir=left
[MOD:player_core_mod]	[PLAYER_CORE_MOD] Direction calc: vx=-1.00, vy=0.00, angle=180.0°, dir=left
[MOD:player_core_mod]	[PLAYER_CORE_MOD] Direction calc: vx=-1.00, vy=0.00, angle=180.0°, dir=left
[MOD:player_core_mod]	[PLAYER_CORE_MOD] Direction calc: vx=-1.00, vy=0.00, angle=180.0°, dir=left
[MOD:player_core_mod]	[PLAYER_CORE_MOD] Direction calc: vx=-0.71, vy=0.71, angle=135.0°, dir=down_left
[MOD:player_core_mod]	[PLAYER_CORE_MOD] Direction calc: vx=-0.71, vy=0.71, angle=135.0°, dir=down_left
[MOD:player_core_mod]	[PLAYER_CORE_MOD] Direction calc: vx=-0.71, vy=0.71, angle=135.0°, dir=down_left
[rendererPlus] GC collected: 1200.50 KB
[MOD:player_core_mod]	[PLAYER_CORE_MOD] Player collision detected
[MOD:player_core_mod]	[PLAYER_CORE_MOD] Player collision detected
[MOD:player_core_mod]	[PLAYER_CORE_MOD] Direction calc: vx=-0.71, vy=0.71, angle=135.0°, dir=down_left
[MOD:player_core_mod]	[PLAYER_CORE_MOD DEBUG] Update call #1680
[MOD:player_core_mod]	[PLAYER_CORE_MOD] Direction calc: vx=-0.71, vy=0.71, angle=135.0°, dir=down_left
[MOD:player_core_mod]	[PLAYER_CORE_MOD] Direction calc: vx=-0.71, vy=0.71, angle=135.0°, dir=down_left
[MOD:player_core_mod]	[PLAYER_CORE_MOD] Direction calc: vx=-0.71, vy=0.71, angle=135.0°, dir=down_left
[MOD:player_core_mod]	[PLAYER_CORE_MOD] Direction calc: vx=-0.71, vy=0.71, angle=135.0°, dir=down_left
[MOD:player_core_mod]	[PLAYER_CORE_MOD] Direction calc: vx=-0.71, vy=0.71, angle=135.0°, dir=down_left
[MOD:player_core_mod]	[PLAYER_CORE_MOD] Direction calc: vx=-0.71, vy=0.71, angle=135.0°, dir=down_left
[MOD:player_core_mod]	[PLAYER_CORE_MOD] Direction calc: vx=-0.71, vy=0.71, angle=135.0°, dir=down_left
[MOD:player_core_mod]	[PLAYER_CORE_MOD] Direction calc: vx=-0.71, vy=0.71, angle=135.0°, dir=down_left
[MOD:player_core_mod]	[PLAYER_CORE_MOD] Direction calc: vx=0.00, vy=1.00, angle=90.0°, dir=down
[MOD:player_core_mod]	[PLAYER_CORE_MOD] Direction calc: vx=0.00, vy=1.00, angle=90.0°, dir=down
[MOD:player_core_mod]	[PLAYER_CORE_MOD] Direction calc: vx=0.00, vy=1.00, angle=90.0°, dir=down
[MOD:player_core_mod]	[PLAYER_CORE_MOD] Direction calc: vx=0.00, vy=1.00, angle=90.0°, dir=down
[MOD:player_core_mod]	[PLAYER_CORE_MOD] Direction calc: vx=0.00, vy=1.00, angle=90.0°, dir=down
[MOD:player_core_mod]	[PLAYER_CORE_MOD] Direction calc: vx=0.00, vy=1.00, angle=90.0°, dir=down
[MOD:player_core_mod]	[PLAYER_CORE_MOD] Direction calc: vx=0.71, vy=0.71, angle=45.0°, dir=down_right
[MOD:player_core_mod]	[PLAYER_CORE_MOD] Direction calc: vx=0.71, vy=0.71, angle=45.0°, dir=down_right
[MOD:player_core_mod]	[PLAYER_CORE_MOD] Direction calc: vx=1.00, vy=0.00, angle=0.0°, dir=right
[MOD:player_core_mod]	[PLAYER_CORE_MOD] Direction calc: vx=1.00, vy=0.00, angle=0.0°, dir=right
[MOD:player_core_mod]	[PLAYER_CORE_MOD] Direction calc: vx=1.00, vy=0.00, angle=0.0°, dir=right
[MOD:player_core_mod]	[PLAYER_CORE_MOD] Direction calc: vx=1.00, vy=0.00, angle=0.0°, dir=right
[MOD:player_core_mod]	[PLAYER_CORE_MOD] Direction calc: vx=1.00, vy=0.00, angle=0.0°, dir=right
[MOD:player_core_mod]	[PLAYER_CORE_MOD] Direction calc: vx=1.00, vy=0.00, angle=0.0°, dir=right
[MOD:player_core_mod]	[PLAYER_CORE_MOD] Direction calc: vx=1.00, vy=0.00, angle=0.0°, dir=right
[MOD:player_core_mod]	[PLAYER_CORE_MOD] Direction calc: vx=1.00, vy=0.00, angle=0.0°, dir=right
[MOD:player_core_mod]	[PLAYER_CORE_MOD] Direction calc: vx=1.00, vy=0.00, angle=0.0°, dir=right
[MOD:player_core_mod]	[PLAYER_CORE_MOD] Direction calc: vx=1.00, vy=0.00, angle=0.0°, dir=right
[MOD:player_core_mod]	[PLAYER_CORE_MOD] Direction calc: vx=1.00, vy=0.00, angle=0.0°, dir=right
[MOD:player_core_mod]	[PLAYER_CORE_MOD] Direction calc: vx=1.00, vy=0.00, angle=0.0°, dir=right
[MOD:player_core_mod]	[PLAYER_CORE_MOD] Direction calc: vx=1.00, vy=0.00, angle=0.0°, dir=right
[MOD:player_core_mod]	[PLAYER_CORE_MOD] Direction calc: vx=1.00, vy=0.00, angle=0.0°, dir=right
[MOD:player_core_mod]	[PLAYER_CORE_MOD] Direction calc: vx=1.00, vy=0.00, angle=0.0°, dir=right
[MOD:player_core_mod]	[PLAYER_CORE_MOD] Direction calc: vx=1.00, vy=0.00, angle=0.0°, dir=right
[MOD:player_core_mod]	[PLAYER_CORE_MOD] Direction calc: vx=0.00, vy=-1.00, angle=-90.0°, dir=up
[MOD:player_core_mod]	[PLAYER_CORE_MOD] Direction calc: vx=0.00, vy=-1.00, angle=-90.0°, dir=up
[MOD:player_core_mod]	[PLAYER_CORE_MOD] Direction calc: vx=0.00, vy=-1.00, angle=-90.0°, dir=up
[MOD:player_core_mod]	[PLAYER_CORE_MOD] Direction calc: vx=0.00, vy=-1.00, angle=-90.0°, dir=up
[MOD:player_core_mod]	[PLAYER_CORE_MOD] Direction calc: vx=0.00, vy=-1.00, angle=-90.0°, dir=up
[MOD:player_core_mod]	[PLAYER_CORE_MOD] Direction calc: vx=0.00, vy=-1.00, angle=-90.0°, dir=up
[MOD:player_core_mod]	[PLAYER_CORE_MOD] Direction calc: vx=-0.71, vy=-0.71, angle=-135.0°, dir=up_left
[MOD:player_core_mod]	[PLAYER_CORE_MOD] Direction calc: vx=-0.71, vy=-0.71, angle=-135.0°, dir=up_left
[MOD:player_core_mod]	[PLAYER_CORE_MOD] Direction calc: vx=-0.71, vy=-0.71, angle=-135.0°, dir=up_left
[MOD:player_core_mod]	[PLAYER_CORE_MOD] Direction calc: vx=-0.71, vy=-0.71, angle=-135.0°, dir=up_left
[MOD:player_core_mod]	[PLAYER_CORE_MOD] Direction calc: vx=-0.71, vy=-0.71, angle=-135.0°, dir=up_left
[MOD:player_core_mod]	[PLAYER_CORE_MOD] Direction calc: vx=-0.71, vy=-0.71, angle=-135.0°, dir=up_left
[MOD:player_core_mod]	[PLAYER_CORE_MOD] Direction calc: vx=-0.71, vy=-0.71, angle=-135.0°, dir=up_left
[MOD:player_core_mod]	[PLAYER_CORE_MOD] Direction calc: vx=-0.71, vy=-0.71, angle=-135.0°, dir=up_left
[MOD:player_core_mod]	[PLAYER_CORE_MOD] Player collision detected
[MOD:player_core_mod]	[PLAYER_CORE_MOD] Player collision detected
[MOD:player_core_mod]	[PLAYER_CORE_MOD] Direction calc: vx=-0.71, vy=-0.71, angle=-135.0°, dir=up_left
[MOD:player_core_mod]	[PLAYER_CORE_MOD] Direction calc: vx=-0.71, vy=-0.71, angle=-135.0°, dir=up_left
[MOD:player_core_mod]	[PLAYER_CORE_MOD] Direction calc: vx=-0.71, vy=-0.71, angle=-135.0°, dir=up_left
[MOD:player_core_mod]	[PLAYER_CORE_MOD] Direction calc: vx=0.00, vy=-1.00, angle=-90.0°, dir=up
[MOD:player_core_mod]	[PLAYER_CORE_MOD] Direction calc: vx=0.71, vy=-0.71, angle=-45.0°, dir=up_right
[MOD:player_core_mod]	[PLAYER_CORE_MOD] Direction calc: vx=0.71, vy=-0.71, angle=-45.0°, dir=up_right
[MOD:player_core_mod]	[PLAYER_CORE_MOD] Direction calc: vx=1.00, vy=0.00, angle=0.0°, dir=right
[MOD:player_core_mod]	[PLAYER_CORE_MOD] Direction calc: vx=1.00, vy=0.00, angle=0.0°, dir=right
[MOD:player_core_mod]	[PLAYER_CORE_MOD] Direction calc: vx=1.00, vy=0.00, angle=0.0°, dir=right
[MOD:player_core_mod]	[PLAYER_CORE_MOD] Direction calc: vx=1.00, vy=0.00, angle=0.0°, dir=right
[MOD:player_core_mod]	[PLAYER_CORE_MOD] Direction calc: vx=1.00, vy=0.00, angle=0.0°, dir=right
[MOD:player_core_mod]	[PLAYER_CORE_MOD] Direction calc: vx=1.00, vy=0.00, angle=0.0°, dir=right
[MOD:player_core_mod]	[PLAYER_CORE_MOD] Direction calc: vx=1.00, vy=0.00, angle=0.0°, dir=right
[MOD:player_core_mod]	[PLAYER_CORE_MOD] Direction calc: vx=1.00, vy=0.00, angle=0.0°, dir=right
[MOD:player_core_mod]	[PLAYER_CORE_MOD DEBUG] Update call #1740
[MOD:player_core_mod]	[PLAYER_CORE_MOD] Direction calc: vx=1.00, vy=0.00, angle=0.0°, dir=right
[MOD:player_core_mod]	[PLAYER_CORE_MOD] Direction calc: vx=1.00, vy=0.00, angle=0.0°, dir=right
[MOD:player_core_mod]	[PLAYER_CORE_MOD] State: IDLE, Direction: right
[MOD:player_core_mod]	[PLAYER_CORE_MOD] State: WALKING, Direction: right
[MOD:player_core_mod]	[PLAYER_CORE_MOD] Direction calc: vx=-1.00, vy=0.00, angle=180.0°, dir=left
[MOD:player_core_mod]	[PLAYER_CORE_MOD] Direction calc: vx=-1.00, vy=0.00, angle=180.0°, dir=left
[MOD:player_core_mod]	[PLAYER_CORE_MOD] Direction calc: vx=-0.71, vy=-0.71, angle=-135.0°, dir=up_left
[MOD:player_core_mod]	[PLAYER_CORE_MOD] Direction calc: vx=-0.71, vy=-0.71, angle=-135.0°, dir=up_left
[MOD:player_core_mod]	[PLAYER_CORE_MOD] Player collision detected
[MOD:player_core_mod]	[PLAYER_CORE_MOD] Player collision detected
[MOD:player_core_mod]	[PLAYER_CORE_MOD] Direction calc: vx=-0.71, vy=-0.71, angle=-135.0°, dir=up_left
[MOD:player_core_mod]	[PLAYER_CORE_MOD] Direction calc: vx=-0.71, vy=-0.71, angle=-135.0°, dir=up_left
[MOD:player_core_mod]	[PLAYER_CORE_MOD] Direction calc: vx=-0.71, vy=-0.71, angle=-135.0°, dir=up_left
[MOD:player_core_mod]	[PLAYER_CORE_MOD] Direction calc: vx=0.00, vy=-1.00, angle=-90.0°, dir=up
[MOD:player_core_mod]	[PLAYER_CORE_MOD] Direction calc: vx=0.00, vy=-1.00, angle=-90.0°, dir=up
[MOD:player_core_mod]	[PLAYER_CORE_MOD] State: IDLE, Direction: up
[MOD:player_core_mod]	[PLAYER_CORE_MOD] State: WALKING, Direction: up
[MOD:player_core_mod]	[PLAYER_CORE_MOD] Direction calc: vx=1.00, vy=0.00, angle=0.0°, dir=right
[MOD:player_core_mod]	[PLAYER_CORE_MOD] Direction calc: vx=1.00, vy=0.00, angle=0.0°, dir=right
[MOD:player_core_mod]	[PLAYER_CORE_MOD] Direction calc: vx=1.00, vy=0.00, angle=0.0°, dir=right
[MOD:player_core_mod]	[PLAYER_CORE_MOD] Direction calc: vx=1.00, vy=0.00, angle=0.0°, dir=right
[MOD:player_core_mod]	[PLAYER_CORE_MOD] Direction calc: vx=1.00, vy=0.00, angle=0.0°, dir=right
[MOD:player_core_mod]	[PLAYER_CORE_MOD] State: IDLE, Direction: right
[MOD:player_core_mod]	[PLAYER_CORE_MOD] State: WALKING, Direction: right
[MOD:player_core_mod]	[PLAYER_CORE_MOD] Direction calc: vx=0.00, vy=-1.00, angle=-90.0°, dir=up
[MOD:player_core_mod]	[PLAYER_CORE_MOD] Direction calc: vx=-0.71, vy=-0.71, angle=-135.0°, dir=up_left
[MOD:player_core_mod]	[PLAYER_CORE_MOD] Direction calc: vx=-0.71, vy=-0.71, angle=-135.0°, dir=up_left
[MOD:player_core_mod]	[PLAYER_CORE_MOD] Direction calc: vx=-0.71, vy=-0.71, angle=-135.0°, dir=up_left
[MOD:player_core_mod]	[PLAYER_CORE_MOD] Direction calc: vx=-0.71, vy=-0.71, angle=-135.0°, dir=up_left
[MOD:player_core_mod]	[PLAYER_CORE_MOD] Direction calc: vx=-0.71, vy=-0.71, angle=-135.0°, dir=up_left
[MOD:player_core_mod]	[PLAYER_CORE_MOD] Direction calc: vx=-0.71, vy=-0.71, angle=-135.0°, dir=up_left
[MOD:player_core_mod]	[PLAYER_CORE_MOD] Direction calc: vx=-0.71, vy=-0.71, angle=-135.0°, dir=up_left
[MOD:player_core_mod]	[PLAYER_CORE_MOD] Direction calc: vx=0.00, vy=-1.00, angle=-90.0°, dir=up
[MOD:player_core_mod]	[PLAYER_CORE_MOD] Direction calc: vx=0.71, vy=-0.71, angle=-45.0°, dir=up_right
[MOD:player_core_mod]	[PLAYER_CORE_MOD] Direction calc: vx=0.71, vy=-0.71, angle=-45.0°, dir=up_right
[MOD:player_core_mod]	[PLAYER_CORE_MOD] Direction calc: vx=0.71, vy=-0.71, angle=-45.0°, dir=up_right
[MOD:player_core_mod]	[PLAYER_CORE_MOD] Direction calc: vx=0.71, vy=-0.71, angle=-45.0°, dir=up_right
[MOD:player_core_mod]	[PLAYER_CORE_MOD] Direction calc: vx=0.71, vy=-0.71, angle=-45.0°, dir=up_right
[MOD:player_core_mod]	[PLAYER_CORE_MOD] Direction calc: vx=0.71, vy=-0.71, angle=-45.0°, dir=up_right
[MOD:player_core_mod]	[PLAYER_CORE_MOD] Direction calc: vx=1.00, vy=0.00, angle=0.0°, dir=right
[MOD:player_core_mod]	[PLAYER_CORE_MOD] Direction calc: vx=1.00, vy=0.00, angle=0.0°, dir=right
[MOD:player_core_mod]	[PLAYER_CORE_MOD] Direction calc: vx=1.00, vy=0.00, angle=0.0°, dir=right
[MOD:player_core_mod]	[PLAYER_CORE_MOD] Direction calc: vx=1.00, vy=0.00, angle=0.0°, dir=right
[MOD:player_core_mod]	[PLAYER_CORE_MOD] Direction calc: vx=1.00, vy=0.00, angle=0.0°, dir=right
[MOD:player_core_mod]	[PLAYER_CORE_MOD] Direction calc: vx=1.00, vy=0.00, angle=0.0°, dir=right
[MOD:player_core_mod]	[PLAYER_CORE_MOD] Direction calc: vx=1.00, vy=0.00, angle=0.0°, dir=right
[MOD:player_core_mod]	[PLAYER_CORE_MOD] State: IDLE, Direction: right
[rendererPlus] GC collected: 1197.83 KB
[MOD:player_core_mod]	[PLAYER_CORE_MOD DEBUG] Update call #1800
[MOD:player_core_mod]	[PLAYER_CORE_MOD DEBUG] Update call #1860
[MOD:player_core_mod]	[PLAYER_CORE_MOD] Player collision detected
[MOD:player_core_mod]	[PLAYER_CORE_MOD] Player collision detected
[rendererPlus] GC collected: 2401.96 KB
[MOD:player_core_mod]	[PLAYER_CORE_MOD DEBUG] Update call #1920
[MOD:player_core_mod]	[PLAYER_CORE_MOD DEBUG] Update call #1980
[rendererPlus] GC collected: 1197.91 KB
[MOD:player_core_mod]	[PLAYER_CORE_MOD DEBUG] Update call #2040
[MOD:player_core_mod]	[PLAYER_CORE_MOD DEBUG] Update call #2100
[MOD:player_core_mod]	[PLAYER_CORE_MOD] Player collision detected
[MOD:player_core_mod]	[PLAYER_CORE_MOD] Player collision detected
[rendererPlus] GC collected: 2004.64 KB
[MOD:player_core_mod]	[PLAYER_CORE_MOD DEBUG] Update call #2160
[rendererPlus] World queue size: 5
[MOD:player_core_mod]	[PLAYER_CORE_MOD DEBUG] Update call #2220
[rendererPlus] GC collected: 1195.77 KB
[MOD:player_core_mod]	[PLAYER_CORE_MOD DEBUG] Update call #2280
[rendererPlus] World queue size: 4
[MOD:player_core_mod]	[PLAYER_CORE_MOD DEBUG] Update call #2340
[MOD:player_core_mod]	[PLAYER_CORE_MOD] Player collision detected
[MOD:player_core_mod]	[PLAYER_CORE_MOD] Player collision detected
[rendererPlus] GC collected: 2000.09 KB
[MOD:player_core_mod]	[PLAYER_CORE_MOD DEBUG] Update call #2400
[MOD:player_core_mod]	[PLAYER_CORE_MOD DEBUG] Update call #2460
[rendererPlus] GC collected: 1596.46 KB
[rendererPlus] World queue size: 4
[MOD:player_core_mod]	[PLAYER_CORE_MOD DEBUG] Update call #2520
[rendererPlus] World queue size: 4
[MOD:weapons_core_mod] [DEBUG] Mouse press handler triggered - button: 1
[MOD:weapons_core_mod] [DEBUG] handleShoot called - button: 1, x: 477, y: 324
[MOD:weapons_core_mod] [DEBUG] Weapon: Shotgun, cooldown: 0.83
[MOD:weapons_core_mod] [DEBUG] Weapon on cooldown, remaining: 0.83
[rendererPlus] World queue size: 5
[MOD:player_core_mod]	[PLAYER_CORE_MOD DEBUG] Update call #2580
[MOD:weapons_core_mod] [DEBUG] Mouse release handler triggered - button: 1
[MOD:player_core_mod]	[PLAYER_CORE_MOD] State: WALKING, Direction: right
[MOD:player_core_mod]	[PLAYER_CORE_MOD] Direction calc: vx=1.00, vy=0.00, angle=0.0°, dir=right
[MOD:player_core_mod]	[PLAYER_CORE_MOD] Direction calc: vx=1.00, vy=0.00, angle=0.0°, dir=right
[MOD:player_core_mod]	[PLAYER_CORE_MOD] Direction calc: vx=1.00, vy=0.00, angle=0.0°, dir=right
[rendererPlus] World queue size: 5
[MOD:player_core_mod]	[PLAYER_CORE_MOD] Direction calc: vx=1.00, vy=0.00, angle=0.0°, dir=right
[MOD:player_core_mod]	[PLAYER_CORE_MOD] Direction calc: vx=1.00, vy=0.00, angle=0.0°, dir=right
[MOD:player_core_mod]	[PLAYER_CORE_MOD] Direction calc: vx=1.00, vy=0.00, angle=0.0°, dir=right
[MOD:player_core_mod]	[PLAYER_CORE_MOD] Direction calc: vx=1.00, vy=0.00, angle=0.0°, dir=right
[MOD:player_core_mod]	[PLAYER_CORE_MOD] Direction calc: vx=0.71, vy=-0.71, angle=-45.0°, dir=up_right
[MOD:player_core_mod]	[PLAYER_CORE_MOD] Direction calc: vx=0.71, vy=-0.71, angle=-45.0°, dir=up_right
[MOD:player_core_mod]	[PLAYER_CORE_MOD] Direction calc: vx=0.00, vy=-1.00, angle=-90.0°, dir=up
[MOD:player_core_mod]	[PLAYER_CORE_MOD] Direction calc: vx=0.00, vy=-1.00, angle=-90.0°, dir=up
[MOD:player_core_mod]	[PLAYER_CORE_MOD] Direction calc: vx=0.00, vy=-1.00, angle=-90.0°, dir=up
[MOD:player_core_mod]	[PLAYER_CORE_MOD] Player collision detected
[MOD:player_core_mod]	[PLAYER_CORE_MOD] Player collision detected
[MOD:player_core_mod]	[PLAYER_CORE_MOD] Direction calc: vx=0.00, vy=-1.00, angle=-90.0°, dir=up
[MOD:player_core_mod]	[PLAYER_CORE_MOD] Direction calc: vx=0.00, vy=-1.00, angle=-90.0°, dir=up
[MOD:player_core_mod]	[PLAYER_CORE_MOD] Direction calc: vx=0.00, vy=-1.00, angle=-90.0°, dir=up
[MOD:player_core_mod]	[PLAYER_CORE_MOD] Direction calc: vx=0.00, vy=-1.00, angle=-90.0°, dir=up
[MOD:player_core_mod]	[PLAYER_CORE_MOD] Direction calc: vx=0.00, vy=-1.00, angle=-90.0°, dir=up
[MOD:player_core_mod]	[PLAYER_CORE_MOD] Direction calc: vx=0.00, vy=-1.00, angle=-90.0°, dir=up
[rendererPlus] GC collected: 2004.96 KB
[rendererPlus] Debug placeholder: Missing texture 'nil'
[rendererPlus] Debug placeholder: Missing texture 'nil'
[rendererPlus] Debug placeholder: Missing texture 'nil'
[rendererPlus] Debug placeholder: Missing texture 'nil'
[rendererPlus] Debug placeholder: Missing texture 'nil'
[rendererPlus] Debug placeholder: Missing texture 'nil'
[rendererPlus] Debug placeholder: Missing texture 'nil'
[rendererPlus] Debug placeholder: Missing texture 'nil'
[rendererPlus] Debug placeholder: Missing texture 'nil'
[rendererPlus] Debug placeholder: Missing texture 'nil'
[rendererPlus] World queue size: 5
[rendererPlus] Debug placeholder: Missing texture 'nil'
[rendererPlus] Debug placeholder: Missing texture 'nil'
[rendererPlus] Debug placeholder: Missing texture 'nil'
[rendererPlus] Debug placeholder: Missing texture 'nil'
[rendererPlus] Debug placeholder: Missing texture 'nil'
[rendererPlus] Debug placeholder: Missing texture 'nil'
[rendererPlus] Debug placeholder: Missing texture 'nil'
[rendererPlus] Debug placeholder: Missing texture 'nil'
[rendererPlus] Debug placeholder: Missing texture 'nil'
[rendererPlus] Debug placeholder: Missing texture 'nil'
[rendererPlus] Debug placeholder: Missing texture 'nil'
[rendererPlus] World queue size: 5
[rendererPlus] Debug placeholder: Missing texture 'nil'
[rendererPlus] Debug placeholder: Missing texture 'nil'
[rendererPlus] Debug placeholder: Missing texture 'nil'
[rendererPlus] Debug placeholder: Missing texture 'nil'
[rendererPlus] Debug placeholder: Missing texture 'nil'
[rendererPlus] Debug placeholder: Missing texture 'nil'
[rendererPlus] Debug placeholder: Missing texture 'nil'
[rendererPlus] Debug placeholder: Missing texture 'nil'
[rendererPlus] Debug placeholder: Missing texture 'nil'
[MOD:weapons_core_mod] [DEBUG] Mouse press handler triggered - button: 1
[MOD:weapons_core_mod] [DEBUG] handleShoot called - button: 1, x: 480, y: 325
[MOD:weapons_core_mod] [DEBUG] Weapon: Shotgun, cooldown: 0.83
[MOD:weapons_core_mod] [DEBUG] Weapon on cooldown, remaining: 0.83
[rendererPlus] Debug placeholder: Missing texture 'nil'
[rendererPlus] Debug placeholder: Missing texture 'nil'
[rendererPlus] Debug placeholder: Missing texture 'nil'
[rendererPlus] Debug placeholder: Missing texture 'nil'
[rendererPlus] Debug placeholder: Missing texture 'nil'
[rendererPlus] Debug placeholder: Missing texture 'nil'
[MOD:player_core_mod]	[PLAYER_CORE_MOD] State: WALKING, Direction: up
[MOD:player_core_mod]	[PLAYER_CORE_MOD] Direction calc: vx=0.00, vy=1.00, angle=90.0°, dir=down
[MOD:player_core_mod]	[PLAYER_CORE_MOD] Direction calc: vx=0.00, vy=1.00, angle=90.0°, dir=down
[MOD:player_core_mod]	[PLAYER_CORE_MOD] Direction calc: vx=0.00, vy=1.00, angle=90.0°, dir=down
[MOD:player_core_mod]	[PLAYER_CORE_MOD DEBUG] Update call #2640
[MOD:player_core_mod]	[PLAYER_CORE_MOD] Direction calc: vx=0.00, vy=1.00, angle=90.0°, dir=down
[MOD:weapons_core_mod] [DEBUG] Mouse release handler triggered - button: 1
[MOD:player_core_mod]	[PLAYER_CORE_MOD] Direction calc: vx=0.00, vy=1.00, angle=90.0°, dir=down
[MOD:player_core_mod]	[PLAYER_CORE_MOD] Direction calc: vx=0.00, vy=1.00, angle=90.0°, dir=down
[MOD:player_core_mod]	[PLAYER_CORE_MOD] Direction calc: vx=0.00, vy=1.00, angle=90.0°, dir=down
[MOD:player_core_mod]	[PLAYER_CORE_MOD] Direction calc: vx=0.00, vy=1.00, angle=90.0°, dir=down
[MOD:player_core_mod]	[PLAYER_CORE_MOD] Direction calc: vx=0.00, vy=1.00, angle=90.0°, dir=down
[MOD:player_core_mod]	[PLAYER_CORE_MOD] Direction calc: vx=0.00, vy=1.00, angle=90.0°, dir=down
[MOD:player_core_mod]	[PLAYER_CORE_MOD] Direction calc: vx=0.00, vy=1.00, angle=90.0°, dir=down
[MOD:player_core_mod]	[PLAYER_CORE_MOD] Direction calc: vx=0.00, vy=1.00, angle=90.0°, dir=down
[MOD:player_core_mod]	[PLAYER_CORE_MOD] Direction calc: vx=0.00, vy=1.00, angle=90.0°, dir=down
[MOD:player_core_mod]	[PLAYER_CORE_MOD] Direction calc: vx=0.00, vy=1.00, angle=90.0°, dir=down
[MOD:player_core_mod]	[PLAYER_CORE_MOD] Direction calc: vx=0.00, vy=1.00, angle=90.0°, dir=down
[MOD:player_core_mod]	[PLAYER_CORE_MOD] Direction calc: vx=0.00, vy=1.00, angle=90.0°, dir=down
[MOD:player_core_mod]	[PLAYER_CORE_MOD] Direction calc: vx=0.00, vy=1.00, angle=90.0°, dir=down
[MOD:player_core_mod]	[PLAYER_CORE_MOD] Direction calc: vx=0.00, vy=1.00, angle=90.0°, dir=down
[MOD:player_core_mod]	[PLAYER_CORE_MOD] Direction calc: vx=0.00, vy=1.00, angle=90.0°, dir=down
[MOD:player_core_mod]	[PLAYER_CORE_MOD] Direction calc: vx=0.00, vy=1.00, angle=90.0°, dir=down
[MOD:player_core_mod]	[PLAYER_CORE_MOD] Direction calc: vx=0.00, vy=1.00, angle=90.0°, dir=down
[MOD:player_core_mod]	[PLAYER_CORE_MOD] State: IDLE, Direction: down
[MOD:player_core_mod]	[PLAYER_CORE_MOD] State: WALKING, Direction: down
[MOD:player_core_mod]	[PLAYER_CORE_MOD] Direction calc: vx=1.00, vy=0.00, angle=0.0°, dir=right
[MOD:player_core_mod]	[PLAYER_CORE_MOD] Direction calc: vx=1.00, vy=0.00, angle=0.0°, dir=right
[MOD:player_core_mod]	[PLAYER_CORE_MOD] Direction calc: vx=1.00, vy=0.00, angle=0.0°, dir=right
[MOD:player_core_mod]	[PLAYER_CORE_MOD] Direction calc: vx=1.00, vy=0.00, angle=0.0°, dir=right
[MOD:player_core_mod]	[PLAYER_CORE_MOD] Direction calc: vx=1.00, vy=0.00, angle=0.0°, dir=right
[MOD:player_core_mod]	[PLAYER_CORE_MOD] Direction calc: vx=1.00, vy=0.00, angle=0.0°, dir=right
[MOD:player_core_mod]	[PLAYER_CORE_MOD] Direction calc: vx=1.00, vy=0.00, angle=0.0°, dir=right
[MOD:player_core_mod]	[PLAYER_CORE_MOD] Direction calc: vx=1.00, vy=0.00, angle=0.0°, dir=right
[MOD:player_core_mod]	[PLAYER_CORE_MOD] Direction calc: vx=1.00, vy=0.00, angle=0.0°, dir=right
[MOD:player_core_mod]	[PLAYER_CORE_MOD] Direction calc: vx=1.00, vy=0.00, angle=0.0°, dir=right
[MOD:player_core_mod]	[PLAYER_CORE_MOD] Direction calc: vx=1.00, vy=0.00, angle=0.0°, dir=right
[MOD:player_core_mod]	[PLAYER_CORE_MOD] Direction calc: vx=1.00, vy=0.00, angle=0.0°, dir=right
[MOD:player_core_mod]	[PLAYER_CORE_MOD] Direction calc: vx=1.00, vy=0.00, angle=0.0°, dir=right
[MOD:player_core_mod]	[PLAYER_CORE_MOD] Direction calc: vx=1.00, vy=0.00, angle=0.0°, dir=right
[MOD:player_core_mod]	[PLAYER_CORE_MOD] Direction calc: vx=1.00, vy=0.00, angle=0.0°, dir=right
[MOD:player_core_mod]	[PLAYER_CORE_MOD] State: IDLE, Direction: right
[MOD:player_core_mod]	[PLAYER_CORE_MOD DEBUG] Update call #2700
[rendererPlus] GC collected: 3603.76 KB
[MOD:player_core_mod]	[PLAYER_CORE_MOD DEBUG] Update call #2760
[rendererPlus] World queue size: 4
[MOD:player_core_mod]	[PLAYER_CORE_MOD DEBUG] Update call #2820
[MOD:player_core_mod]	[PLAYER_CORE_MOD] Player collision detected
[MOD:player_core_mod]	[PLAYER_CORE_MOD] Player collision detected
[rendererPlus] GC collected: 2000.85 KB
[MOD:player_core_mod]	[PLAYER_CORE_MOD DEBUG] Update call #2880
[MOD:player_core_mod]	[PLAYER_CORE_MOD DEBUG] Update call #2940
[rendererPlus] GC collected: 4800.10 KB
[MOD:player_core_mod]	[PLAYER_CORE_MOD DEBUG] Update call #3000
[rendererPlus] World queue size: 4
[MOD:player_core_mod]	[PLAYER_CORE_MOD DEBUG] Update call #3060
[MOD:weapons_core_mod] [DEBUG] Mouse press handler triggered - button: 1
[MOD:weapons_core_mod] [DEBUG] handleShoot called - button: 1, x: 494, y: 336
[MOD:weapons_core_mod] [DEBUG] Weapon: Shotgun, cooldown: 0.83
[MOD:weapons_core_mod] [DEBUG] Weapon on cooldown, remaining: 0.83
[MOD:player_core_mod]	[PLAYER_CORE_MOD] Player collision detected
[MOD:player_core_mod]	[PLAYER_CORE_MOD] Player collision detected
[rendererPlus] World queue size: 5
[MOD:player_core_mod]	[PLAYER_CORE_MOD] State: WALKING, Direction: right
[MOD:player_core_mod]	[PLAYER_CORE_MOD] Direction calc: vx=1.00, vy=0.00, angle=0.0°, dir=right
[MOD:player_core_mod]	[PLAYER_CORE_MOD] State: IDLE, Direction: right
[MOD:weapons_core_mod] [DEBUG] Mouse release handler triggered - button: 1
[rendererPlus] GC collected: 4013.23 KB
[rendererPlus] Debug placeholder: Missing texture 'nil'
[rendererPlus] Debug placeholder: Missing texture 'nil'
[rendererPlus] Debug placeholder: Missing texture 'nil'
[rendererPlus] Debug placeholder: Missing texture 'nil'
[rendererPlus] Debug placeholder: Missing texture 'nil'
[rendererPlus] Debug placeholder: Missing texture 'nil'
[rendererPlus] Debug placeholder: Missing texture 'nil'
[MOD:player_core_mod]	[PLAYER_CORE_MOD] Player collision detected
[MOD:player_core_mod]	[PLAYER_CORE_MOD] Player collision detected
[rendererPlus] Debug placeholder: Missing texture 'nil'
[rendererPlus] Debug placeholder: Missing texture 'nil'
[rendererPlus] Debug placeholder: Missing texture 'nil'
[rendererPlus] Debug placeholder: Missing texture 'nil'
[rendererPlus] Debug placeholder: Missing texture 'nil'
[rendererPlus] Debug placeholder: Missing texture 'nil'
[rendererPlus] Debug placeholder: Missing texture 'nil'
[rendererPlus] Debug placeholder: Missing texture 'nil'
[rendererPlus] Debug placeholder: Missing texture 'nil'
[rendererPlus] Debug placeholder: Missing texture 'nil'
[rendererPlus] Debug placeholder: Missing texture 'nil'
[rendererPlus] Debug placeholder: Missing texture 'nil'
[rendererPlus] Debug placeholder: Missing texture 'nil'
[rendererPlus] Debug placeholder: Missing texture 'nil'
[rendererPlus] Debug placeholder: Missing texture 'nil'
[rendererPlus] Debug placeholder: Missing texture 'nil'
[rendererPlus] Debug placeholder: Missing texture 'nil'
[rendererPlus] Debug placeholder: Missing texture 'nil'
[rendererPlus] Debug placeholder: Missing texture 'nil'
[rendererPlus] Debug placeholder: Missing texture 'nil'
[rendererPlus] Debug placeholder: Missing texture 'nil'
[rendererPlus] Debug placeholder: Missing texture 'nil'
[rendererPlus] Debug placeholder: Missing texture 'nil'
[rendererPlus] Debug placeholder: Missing texture 'nil'
[rendererPlus] Debug placeholder: Missing texture 'nil'
[rendererPlus] Debug placeholder: Missing texture 'nil'
[rendererPlus] Debug placeholder: Missing texture 'nil'
[rendererPlus] Debug placeholder: Missing texture 'nil'
[rendererPlus] Debug placeholder: Missing texture 'nil'
[MOD:player_core_mod]	[PLAYER_CORE_MOD] State: WALKING, Direction: right
[MOD:player_core_mod]	[PLAYER_CORE_MOD] Direction calc: vx=-0.71, vy=-0.71, angle=-135.0°, dir=up_left
[MOD:player_core_mod]	[PLAYER_CORE_MOD] Direction calc: vx=-0.71, vy=-0.71, angle=-135.0°, dir=up_left
[MOD:player_core_mod]	[PLAYER_CORE_MOD] Direction calc: vx=-0.71, vy=-0.71, angle=-135.0°, dir=up_left
[MOD:player_core_mod]	[PLAYER_CORE_MOD] Direction calc: vx=-0.71, vy=-0.71, angle=-135.0°, dir=up_left
[MOD:player_core_mod]	[PLAYER_CORE_MOD DEBUG] Update call #3120
[MOD:player_core_mod]	[PLAYER_CORE_MOD] Direction calc: vx=0.00, vy=-1.00, angle=-90.0°, dir=up
[MOD:player_core_mod]	[PLAYER_CORE_MOD] Direction calc: vx=0.00, vy=-1.00, angle=-90.0°, dir=up
[MOD:player_core_mod]	[PLAYER_CORE_MOD] Direction calc: vx=0.00, vy=-1.00, angle=-90.0°, dir=up
[MOD:player_core_mod]	[PLAYER_CORE_MOD] Direction calc: vx=0.71, vy=-0.71, angle=-45.0°, dir=up_right
[MOD:player_core_mod]	[PLAYER_CORE_MOD] Direction calc: vx=0.71, vy=-0.71, angle=-45.0°, dir=up_right
[MOD:player_core_mod]	[PLAYER_CORE_MOD] Direction calc: vx=0.71, vy=-0.71, angle=-45.0°, dir=up_right
[MOD:player_core_mod]	[PLAYER_CORE_MOD] Direction calc: vx=0.71, vy=-0.71, angle=-45.0°, dir=up_right
[MOD:player_core_mod]	[PLAYER_CORE_MOD] Direction calc: vx=0.71, vy=-0.71, angle=-45.0°, dir=up_right
[MOD:player_core_mod]	[PLAYER_CORE_MOD] Direction calc: vx=1.00, vy=0.00, angle=0.0°, dir=right
[MOD:player_core_mod]	[PLAYER_CORE_MOD] Direction calc: vx=1.00, vy=0.00, angle=0.0°, dir=right
[MOD:player_core_mod]	[PLAYER_CORE_MOD] Direction calc: vx=1.00, vy=0.00, angle=0.0°, dir=right
[MOD:player_core_mod]	[PLAYER_CORE_MOD] Direction calc: vx=1.00, vy=0.00, angle=0.0°, dir=right
[MOD:player_core_mod]	[PLAYER_CORE_MOD] Direction calc: vx=1.00, vy=0.00, angle=0.0°, dir=right
[MOD:player_core_mod]	[PLAYER_CORE_MOD] Direction calc: vx=1.00, vy=0.00, angle=0.0°, dir=right
[MOD:player_core_mod]	[PLAYER_CORE_MOD] State: IDLE, Direction: right
[MOD:player_core_mod]	[PLAYER_CORE_MOD] State: WALKING, Direction: right
[MOD:player_core_mod]	[PLAYER_CORE_MOD] Direction calc: vx=-1.00, vy=0.00, angle=180.0°, dir=left
[MOD:player_core_mod]	[PLAYER_CORE_MOD] Direction calc: vx=-1.00, vy=0.00, angle=180.0°, dir=left
[MOD:player_core_mod]	[PLAYER_CORE_MOD] Direction calc: vx=-1.00, vy=0.00, angle=180.0°, dir=left
[MOD:player_core_mod]	[PLAYER_CORE_MOD] State: IDLE, Direction: left
[rendererPlus] World queue size: 4
[MOD:player_core_mod]	[PLAYER_CORE_MOD DEBUG] Update call #3180
[rendererPlus] GC collected: 1596.57 KB
[MOD:player_core_mod]	[PLAYER_CORE_MOD DEBUG] Update call #3240
[MOD:weapons_core_mod] [DEBUG] Mouse press handler triggered - button: 1
[MOD:weapons_core_mod] [DEBUG] handleShoot called - button: 1, x: 478, y: 352
[MOD:weapons_core_mod] [DEBUG] Weapon: Shotgun, cooldown: 0.83
[MOD:weapons_core_mod] [DEBUG] Weapon on cooldown, remaining: 0.83
[rendererPlus] World queue size: 4
[MOD:weapons_core_mod] [DEBUG] Mouse release handler triggered - button: 1
